9336 words
calculating divisions
on stufe 2
on stufe 3
on stufe 4
on stufe 5
on stufe 6
on stufe 7
on stufe 8
on stufe 9
on stufe 10
on stufe 11
on stufe 12
on stufe 13
on stufe 14
on stufe 15
on stufe 16
on stufe 17
on stufe 18
on stufe 19
on stufe 20
on stufe 21
on stufe 22
on stufe 23
on stufe 24
on stufe 25
on stufe 26
on stufe 27
processing division 0



processing division 1
ad", "da
ba", "ab
im", "mi
en", "ne
an", "na



processing division 2
sei", "sie", "eis
ort", "rot", "tor
ard", "dar", "rad
alt", "tal
ost", "ots
pds", "spd
ihn", "hin
usa", "aus
rat", "art
red", "der



processing division 3
heer", "eher", "ehre
rote", "tore", "orte
rief", "frei
viel", "live
ihre", "hier
luft", "flut
rand", "dran
atem", "team
hieß", "heiß
rede", "erde



processing division 4
roten", "orten", "toren", "tenor
seien", "seine", "eines", "eisen
liest", "teils", "liste
regen", "gerne", "enger
reine", "irene", "einer
lange", "nagel", "lagen
baden", "bande", "abend
treue", "teure", "teuer
tisch", "sicht", "stich
reden", "deren



processing division 5
feiern", "ferien", "freien", "riefen", "reifen
derlei", "leider", "lieder
knoten", "konnte", "konten
gelten", "legten
eltern", "lernte
stehen", "thesen
erneut", "teuren
soeben", "ebenso
ewigen", "wenige
eigens", "siegen



processing division 6
daimler", "dreimal
rechten", "rechnet
demnach", "nachdem
vereint", "vierten
höheren", "erhöhen
trainer", "terrain
belgrad", "bargeld
dörfern", "fördern
steigen", "stiegen
general", "anleger



processing division 7
schienen", "scheinen", "chinesen
schlafen", "falschen", "flaschen
sogleich", "logische
schieben", "scheiben
geholfen", "geflohen
spiegelt", "gespielt
erschien", "sicheren
gereicht", "gerichte
erweisen", "erwiesen
anbieter", "arbeiten



processing division 8
streichen", "scheitern", "erscheint
verweisen", "verwiesen
betreiben", "betrieben
verleihen", "verliehen
vermeiden", "vermieden
christian", "christina
mittleren", "ermitteln
technisch", "schichten
eingelegt", "gegenteil
gesichter", "gesichert



processing division 9
vertrieben", "vertreiben", "verbreiten
schwestern", "schwersten
erschienen", "erscheinen
wesentlich", "westlichen
technische", "tschechien



processing division 10
vertreibung", "verbreitung
beschreiben", "beschrieben
entschieden", "entscheiden
engagierten", "eingetragen
verarbeiten", "vereinbarte



processing division 11



processing division 12



processing division 13



processing division 14



processing division 15



processing division 16



processing division 17



processing division 18



processing division 19



processing division 20



processing division 21



processing division 22



processing division 23



processing division 24



processing division 25



processing division 26



building word scores0
building word scores1
building word scores2
building word scores3
building word scores4
building word scores5
building word scores6
building word scores7
building word scores8
building word scores9
building word scores10
building word scores11
building word scores12
building word scores13
building word scores14
building word scores15
building word scores16
building word scores17
building word scores18
building word scores19
building word scores20
building word scores21
building word scores22
building word scores23
building word scores24
building word scores25
building word scores26
1	öl->l
1	bundesverfassungsgerichts->bundesverfassungsgericht
1	b.->b
1	m.->m
1	pc->c
1	je->e
1	ja->a
1	qm->m
1	a.->a
1	v.->v
1	u.->u
1	c.->c
1	cd->d
1	s.->s
1	d.->d
1	de->e
1	g.->g
1	do->o
1	e.->e
1	fc->f
1	f.->f
1	baden-württembergischen->baden-württembergische
1	vorstandsvorsitzender->vorstandsvorsitzende
1	sozialdemokratischen->sozialdemokratische
1	entwicklungsländern->entwicklungsländer
1	olympischen spielen->olympischen spiele
1	gesellschaftlichen->gesellschaftliche
1	europäischen union->europäische union
1	stellvertretenden->stellvertretende
1	stellvertretender->stellvertretende
1	niedersächsischen->niedersächsische
1	innenministeriums->innenministerium
1	palästinensischen->palästinensische
1	mittelständischen->mittelständische
1	parlamentarischen->parlamentarische
1	österreichischen->österreichische
1	siebziger jahren->siebziger jahre
1	sechziger jahren->sechziger jahre
1	achtziger jahren->achtziger jahre
1	fünfziger jahren->fünfziger jahre
1	niederländischen->niederländische
1	wissenschaftlern->wissenschaftler
1	kommunistischen->kommunistische
1	professionellen->professionelle
1	regierungschefs->regierungschef
1	sozialistischen->sozialistische
1	verabschiedete->verabschiedet
1	bevorstehenden->bevorstehende
1	palästinensern->palästinenser
1	bürgermeisters->bürgermeister
1	demonstrierten->demonstrieren
1	deutschen bank->deutsche bank
1	künstlerischen->künstlerische
1	krankenhäusern->krankenhäuser
1	kontrollierten->kontrollieren
1	grundsätzliche->grundsätzlich
1	amerikanischen->amerikanische
1	amerikanischer->amerikanische
1	arbeitsplätzen->arbeitsplätze
1	hervorragende->hervorragend
1	bundesländern->bundesländer
1	medizinischen->medizinische
1	spektakulären->spektakuläre
1	erkenntnissen->erkenntnisse
1	arbeitnehmern->arbeitnehmer
1	konservativen->konservative
1	qualifizierte->qualifiziert
1	quadratmetern->quadratmeter
1	umfangreichen->umfangreiche
1	literarischen->literarische
1	italienischen->italienische
1	protestierten->protestieren
1	westdeutschen->westdeutsche
1	verhältnissen->verhältnisse
1	industriellen->industrielle
1	strategischen->strategische
1	französischer->französische
1	ausländischen->ausländische
1	ausländischer->ausländische
1	französischen->französische
1	einheitlichen->einheitliche
1	tschechischen->tschechische
1	systematische->systematisch
1	verschiedener->verschiedene
1	verschiedenen->verschiedene
1	evangelischen->evangelische
1	lädt->ltd
1	lebensmitteln->lebensmittel
1	alternativen->alternative
1	arbeitgebern->arbeitgeber
1	veba->eva
1	griechischen->griechische
1	vage->eva
1	niederlanden->niederlande
1	arzt->taz
1	gemeinschaft->eigenschaft
1	ausgeglichen->ausgleichen
1	profitierten->profitieren
1	schwedischen->schwedische
1	schwerpunkte->schwerpunkt
1	fortschritte->fortschritt
1	flüchtlingen->flüchtlinge
1	anschließend->anschließen
1	zwar->war
1	haut->hut
1	automatische->automatisch
1	potentiellen->potentielle
1	europäischer->europäische
1	europäischen->europäische
1	interessante->interessant
1	bord->brd
1	sowjetischen->sowjetische
1	haft->hat
1	landgerichts->landgericht
1	ökonomischen->ökonomische
1	vorsitzender->vorsitzende
1	vorsitzenden->vorsitzende
1	israelischen->israelische
1	langjährigen->langjährige
1	gold->olg
1	gmbh->bgh
1	steuerlichen->steuerliche
1	einschätzung->schätzungen
1	gift->fit
1	vorbereitung->vertreibung,verbreitung
1	eingerichtet->eingereicht
1	perspektiven->perspektive
1	einbeziehung->beziehungen
1	typs->typ
1	jahrhunderts->jahrhundert
1	ruth->hut
1	trug->gut
1	chor->ohr
1	abgeordneter->abgeordnete
1	technologien->technologie
1	abgeordneten->abgeordnete
1	kommentierte->kommentiert
1	mutmaßlichen->mutmaßliche
1	deutschlands->deutschland
1	jugendlichen->jugendliche
1	chinesischen->chinesische
1	jugendlicher->jugendliche
1	marktanteile->marktanteil
1	bürgerlichen->bürgerliche
1	medikamenten->medikamente
1	ostdeutschen->ostdeutsche
1	braunschweig->absicherung
1	katholischen->katholische
1	unternehmens->unternehmen
1	unterstützte->unterstützt
1	untersuchten->untersuchen
1	mitarbeiters->mitarbeiter
1	verarbeitung->vertreibung,verbreitung
1	ministeriums->ministerium
1	appellierte->appelliert
1	vorbehalten->vorbehalte
1	städtischen->städtische
1	japanischen->japanische
1	einrichtung->richtungen
1	bestehenden->bestehende
1	formulierte->formuliert
1	beteiligung->begleitung
1	frankreichs->frankreich
1	engagements->engagement
1	neuregelung->regelungen
1	restaurants->restaurant
1	angehörigen->angehörige
1	amtierenden->amtierende
1	fluß->fuß
1	beschwerden->beschwerde
1	vermittlung->ermittlung
1	komponenten->komponente
1	tanz->taz
1	warf->war
1	grundstücke->grundstück
1	wochenenden->wochenende
1	initiativen->initiative
1	vernichtung->richtungen
1	vernünftige->vernünftig
1	ministerien->ministerin
1	entspannung->spannungen
1	wahr->war
1	vorschlägen->vorschläge
1	mitgliedern->mitglieder
1	umfassenden->umfassende
1	instrumente->instrument
1	überzeugend->überzeugen
1	ereignissen->ereignisse
1	kroatischen->kroatische
1	höhen->höhe
1	verteidigte->verteidigt
1	beruflichen->berufliche
1	ergebnissen->ergebnisse
1	verurteilte->verurteilt
1	kulturellen->kulturelle
1	anhaltenden->anhaltende
1	holen->lohn
1	hohes->hose
1	hoher->hohe
1	wettbewerbs->wettbewerb
1	hohen->ohne
1	hohem->hohe
1	definierten->definieren
1	übers->über
1	hitze,zieht->zeit
1	herstellung->erstellung
1	bedeutenden->bedeutende
1	gemeinderat->amtierende
1	derzeitigen->derzeitige
1	verzichtete->verzichtet
1	bearbeitung->abtreibung
1	willi->will
1	dimensionen->indonesien
1	donnerstags->donnerstag
1	heißt->hieß,heiß
1	heben->eben
1	erwachsenen->erwachsene
1	österreichs->österreich
1	sogenannter->sogenannte
1	kohls->kohl
1	kohle->kohl
1	islamischen->islamische
1	zügen->züge
1	hochschulen->hochschule
1	boden->oben
1	zogen->zone
1	bayerischen->bayerische
1	klubs->klub
1	mögen->möge
1	reißt->tier
1	bekräftigte->bekräftigt
1	klassischen->klassische
1	haare->haar
1	güter->regt
1	experimente->experiment
1	angemessene->angemessen
1	zahlreichen->zahlreiche
1	zahlreicher->zahlreiche
1	bruch->buch
1	milliarden->milliarde
1	verfassung->erfassung
1	kinos->kino
1	mißbraucht->mißbrauch
1	männlichen->männliche
1	verkündete->verkündet
1	nachfolger->nachfolge
1	kunstwerke->kunstwerk
1	beschreibt->beschrieb
1	bezifferte->beziffert
1	rollt->toll
1	bisherigen->bisherige
1	kostenlose->kostenlos
1	läuft->luft,flut
1	ungeachtet->gutachten
1	bosnischen->bosnische
1	kontrollen->kontrolle
1	verstärkte->verstärkt
1	türkischen->türkische
1	kommunalen->kommunale
1	kommentare->kommentar
1	vertretern->vertreter
1	zuschauern->zuschauer
1	büros->büro
1	operativen->operative
1	oskar->rosa
1	kilometern->kilometer
1	trendwende->werdenden
1	clubs->club
1	verwandelt->verwalten
1	kategorien->kategorie
1	karlsruher->karlsruhe
1	paare->paar
1	parlaments->parlament
1	jeweiligen->jeweilige
1	interviews->interview
1	zigaretten->zigarette
1	interessen->interesse
1	virtuellen->virtuelle
1	polnischen->polnische
1	ehemaligen->ehemalige
1	ehemaliger->ehemalige
1	küche->kühe
1	eindeutige->eindeutig
1	südafrikas->südafrika
1	kabel->bekl
1	de la->deal
1	decke->ecke
1	innenstadt->intendant
1	parat->paar
1	schon->sohn
1	zaire->reiz
1	ingenieure->ingenieur
1	parks->park
1	jungs->jung
1	behauptete->behauptet
1	julia->juli
1	füßen->füße
1	kämen->käme
1	arabischen->scheinbar
1	fügte->fügt
1	einwohnern->einwohner
1	hessischen->hessische
1	z. b.->z.b.
1	aufenthalt->aufhalten
1	heimischen->heimische
1	regisseure->regisseur
1	jener->jene
1	jenen->jene
1	entfernten->entfernen
1	jenem->jene
1	steigender->steigende
1	steigenden->steigende
1	wüste->west
1	jedes->jede
1	tests,stets->test
1	religiösen->religiöse
1	grundlagen->grundlage
1	jedem->jede
1	russischen->russische
1	russischer->russische
1	geschichte->geschieht
1	sparkassen->sparkasse
1	gesamtjahr->jahrestag
1	spanischen->spanische
1	drama->adam
1	erläuterte->erläutert
1	gentechnik->techniken
1	ernsthafte->ernsthaft
1	zwang->ganz
1	films->film
1	areal->real
1	arena->erna
1	gehörenden->gehörende
1	kugel->klug
1	gegenstand->gestanden
1	lohnt->holt
1	beantragte->beantragt
1	wenigstens->wenigsten
1	ebene->eben
1	plant->plan
1	schwestern,schwersten->schwester
1	logik->kilo
1	baustellen->baustelle
1	ausländern->ausländer
1	fachleuten->fachleute
1	flughafens->flughafen
1	fernsehens->fernsehen
1	weiblichen->weibliche
1	politikern->politiker
1	prosa->rosa
1	festivals->festival
1	sexuellen->sexuelle
1	fehlenden->fehlende
1	meyer->meer
1	flugzeuge->flugzeug
1	ausschluß->ausschuß
1	franzosen->resonanz
1	etwas->west
1	ausnahmen->ausnahme
1	ausmachen->ausnahme
1	schätzung->zunächst
1	schwächer->schwäche
1	schwächen->schwäche
1	sinnvolle->sinnvoll
1	esslinger->gerissen
1	schultern->schulter
1	führenden->führende
1	stuhl->lust
1	schröders->schröder
1	werkzeuge->werkzeug
1	sonstigen->sonstige
1	geschenkt->geschenk
1	römischen->römische
1	gestiegen->geeignet
1	vorwürfen->vorwürfe
1	aufträgen->aufträge
1	auftritte->auftritt
1	steht->test
1	erfindung->freundin
1	aufnahmen->aufnahme
1	standards->standard
1	vorliegen->vorlegen
1	stehenden->stehende
1	eltern,lernte->lernt
1	reisenden->reisende
1	stoffe->stoff
1	vorgänger->vorgänge
1	vorgängen->vorgänge
1	hilfreich->freilich
1	behandeln->ablehnen
1	publikums->publikum
1	spuren->unser
1	studierte->studiert
1	in sachen->anschein
1	prozesses->prozesse
1	indischen->indische
1	programms->programm
1	stärksten->stärkste
1	sperre->peres,spree
1	prognosen->prognose
1	ansichten->anschein
1	eingelegt,gegenteil->geeignet
1	einmal->laien
1	beispiele->beispiel
1	institute->institut
1	instituts->institut
1	plädierte->plädiert
1	drohenden->drohende
1	dokumente->dokument
1	summen->summe
1	digitalen->digitale
1	dieselben->dieselbe
1	jedermann->jemanden
1	passanten->anpassen
1	demselben->ensemble
1	jährliche->jährlich
1	jüdischen->jüdische
1	jüdischer->jüdische
1	verwendet->entweder
1	verweisen,verwiesen->erweisen,erwiesen
1	damaligen->damalige
1	computern->computer
1	offiziere->offizier
1	eduard->dauer
1	vertrauen->verraten
1	tasche->sache
1	fehlen,helfen->fehle
1	dürfen->dürfe
1	kommenden->kommende
1	offenbart->offenbar
1	verteilen->erteilen
1	beruhigen->erhebung
1	konflikte->konflikt
1	durchs->durch
1	konflikts->konflikt
1	verstehen->verstehe
1	dunkle,dunkel->kunde
1	senken->kenne
1	drückt->rückt
1	umständen->umstände
1	drüben->bernd
1	finale->laien
1	versetzen->ersetzen
1	nirgendwo->irgendwo
1	kritikern->kritiker
1	kritische->kritisch
1	untergang->anregung
1	beschwert->beschert
1	künstlers->künstler
1	verlegung->regelung
1	formal->moral
1	formen->enorm
1	varianten->variante
1	verlassen->erlassen
1	örtlichen->örtliche
1	verlangte->verlangt
1	laufenden->laufende
1	teufel->leute
1	liberalen->liberale
1	übernahme->übernahm
1	mangelnde->anmelden
1	verbänden->verbände
1	besuchern->besucher
1	verdachts->verdacht
1	materials->material
1	maßnahmen->maßnahme
1	mitglied->mitleid
1	themen->nehme
1	militärs->militär
1	schließt->schießt
1	diplomat->optimal
1	premiere->premier
1	methoden->methode
1	fusion->infos
1	schutz->sucht
1	theaters->theater
1	problems->problem
1	projekts->projekt
1	fühlen->fühle
1	williams->william
1	sprechen->spreche
1	füllen->fülle
1	sprecher->spreche
1	mehrmals->sammler
1	mehrerer->mehrere
1	mehreren->mehrere
1	bosniens->bosnien
1	totale->total
1	gedanken->gedanke
1	gebäudes->gebäude
1	schluß->schuß
1	gebäuden->gebäude
1	bemerkte->bemerkt
1	gebrauch->brauche
1	theorien->theorie
1	gabriele->galerie
1	blättern->blätter
1	blutigen->teilung,leitung
1	entstand->standen
1	hunderte->hundert
1	zitierte->zitiert
1	scharf->rasch
1	bekommen->bekomme
1	schade->sache
1	radikale->radikal
1	deswegen->gewesen
1	desaster->adresse
1	george->georg
1	auflagen->auflage
1	hinweise->hinweis
1	zwischen->schweiz
1	toleranz->zentral
1	heutigen->heutige
1	herzlich->ehrlich
1	schülern->schüler
1	treppe->peter
1	treten,retten->rente,ernte
1	ältesten->älteste
1	tricks->trick
1	behörden->behörde
1	räumen->räume
1	rätsel->älter
1	charme->rache
1	russen->unser
1	leistung->teilung,leitung
1	center->rente,ernte
1	vorabend->verband
1	defizite->defizit
1	aufgaben->aufgabe
1	debatten->debatte
1	gewann->wagen
1	begrüßte->begrüßt
1	bäumen->bäume
1	romans->roman
1	gewußt->wußte
1	folgende->goldene
1	tänzer,ärzten->ärzte
1	tätern->täter
1	rollen->rolle
1	töpfer->öfter
1	türken->türen
1	münchens->münchen
1	strecken->strecke
1	handvoll->holland
1	nachbarn->nachbar
1	sekunden->sekunde
1	hamburgs->hamburg
1	rezept->peter
1	begnügen->genügen
1	aussagen->aussage
1	größen->größe
1	begegnet->gebeten
1	begegnen->gegeben
1	gästen,ängste->gäste
1	filialen->filiale
1	services->service
1	bomben->bombe
1	revision->version
1	clintons->clinton
1	befanden->daneben
1	neuesten->neueste
1	beteuert->betreut
1	blickt->blick
1	nochmals->nochmal
1	konzerte->konzert
1	tabellen->tabelle
1	familien->familie
1	kontakte->kontakt
1	kg->k
1	verfügte->verfügt
1	extremen->externe
1	externen->externe
1	experten->experte
1	bestehen->bestehe
1	gewisser->gewisse
1	gewissen->gewisse
1	kollegen->kollege
1	überfall->überall
1	getreide->geredet
1	gesunken->senkung
1	klarheit->artikel
1	dutzende->dutzend
1	hervor,vorher->rover
1	optimale->optimal
1	rußlands->rußland
1	erwarten->erwarte
1	bewußt->wußte
1	versorgt->vorerst
1	erstmals->seltsam
1	bescheid->scheibe
1	samstags->samstag
1	hoffen->offen
1	gerhardt->gerhard
1	verbot->bevor
1	umfragen->umfrage
1	sonntags->sonntag
1	genügend->genügen
1	partnern->partner
1	umgehend->umgehen
1	häufig->fähig
1	spaniens->spanien
1	verlor->rover
1	verrät->väter
1	pflanzen->pflanze
1	geistige->geistig
1	wünschen->wünsche
1	videos->video
1	brauchen->brauche
1	investor->version
1	branchen->branche
1	gattung->tagung
1	denkbar->banker
1	modelle->modell
1	presse->peres,spree
1	meldung->gulden
1	praxis->paris
1	momente->moment
1	äußerst->äußert
1	plänen->pläne
1	äußeren->äußern
1	martina->martin
1	fünften->fünfte
1	herbert->erhebt
1	photos->photo
1	fünftel->fünfte
1	moskaus->moskau
1	mandate->mandat
1	afrikas->afrika
1	exporte->export
1	pferde->pferd
1	student->stunde
1	fördert->dörfer
1	bislang->signal
1	südlich->schild
1	vorbei->bevor
1	mussten->musste
1	jemals->james
1	signale->signal
1	befehl->fehle
1	anfangs->anfang
1	europas->europa
1	waffen->waffe
1	zunahme->nahezu
1	männern->männer
1	letzten->letzte
1	möchten->möchte
1	systems->system
1	zivilen->zivile
1	symbole->symbol
1	lautete->lautet
1	gruppen->gruppe
1	bringen->ringen
1	körpers->körper
1	kämpfer->kämpfe
1	kämpfen->kämpfe
1	basler->basel
1	balkan->kanal
1	kassel,klasse->lasse
1	kassen->kasse
1	brücken->rücken
1	wählern->wähler
1	goethes->goethe
1	kräften->kräfte
1	kehrte->kehrt
1	dritten->dritte
1	korrekt->rektor
1	norbert->robert
1	dritter->ritter
1	nummern->nummer
1	kennen->kenne
1	kenner->kenne
1	flächen->fläche
1	gewerbe->gewebe
1	büchern->bücher
1	kloster->sektor
1	gesunde->gesund
1	gestört->götter
1	truppen->truppe
1	wellen->welle
1	chancen->chance
1	kindern->kinder
1	rückzug->zurück
1	trinken->intern
1	drücken->rücken
1	figuren->finger
1	warnung->ungarn
1	palette->platte
1	papiere->papier
1	einkauf->kaufen
1	stärken->stärke
1	bedacht->dachte
1	johanna->johann
1	vortrag->vortag
1	jelzins->jelzin
1	vorigen->region
1	darüber->brüder
1	erprobt->report
1	erobert->robert
1	normal->roman
1	pflegen->pflege
1	städten->städte
1	spätere->später
1	wolken->onkel
1	dörfern,fördern->dörfer
1	wollen->wolle
1	plakate->plakat
1	stunden->stunde
1	plätzen->plätze
1	geklärt->kläger
1	trainer,terrain->rainer
1	neubau->bauen
1	wußten->wußte
1	nehmen->nehme
1	bemühte->bemüht
1	wänden->wände
1	berlins->silber
1	quellen->quelle
1	häusern->häuser
1	würden->würde
1	schmidt->schmid
1	effekte->effekt
1	appell->apple
1	können->könne
1	köpfen->köpfe
1	verfaßt->erfaßt
1	kürzen->kürze
1	kürzer->kürze
1	gedacht->dachte
1	zellen->zelle
1	zensur->unser
1	müßten->müßte
1	bewegen->gewebe
1	messer->messe
1	merkel->kreml
1	mörder->römer
1	massen->masse
1	morgen->enorm
1	marsch->rasch
1	zuerst->sturz
1	zufall->allzu
1	mostar->strom
1	marion->roman
1	lücken->lücke
1	lübeck->lücke
1	länger->länge,lägen
1	leuten->leute
1	mängel->länge,lägen
1	zwecke->zweck
1	mußten->mußte
1	locken->onkel
1	linien->linie
2	schwieriger->schwierige->schwierig
2	nächstes->nächste->nächte
2	alfred->adler->real
2	gewaltigen->gewaltige->gewaltig
2	zugang->anzug->ganz
2	rot-grünen->rot-grüne->rot-grün
2	metern->meter->meer
2	wem->wm->m
2	kl.->k.->k
2	weh->eh->e
2	gesprächen->gespräche->gespräch
2	speziellen->spezielle->speziell
2	mir->im,mi->m
2	was->sa->s
2	königs->könig->king
2	bestens->besten->nebst
2	verhält->erhält->älter
2	lud->du->u
2	händler->länder->läden
2	wissenschaftlichen->wissenschaftliche->wissenschaftlich
2	wissenschaftlicher->wissenschaftliche->wissenschaftlich
2	geschäften->geschäfte->geschäft
2	durchschnittlichen->durchschnittliche->durchschnittlich
2	bat->ba,ab->b
2	wachsenden->wachsende->schweden
2	vwd->vw->v
2	geschlecht->schlechte->schlecht
2	schlechten->schlechte->schlecht
2	pds,spd->ps->s
2	anc->an,na->n
2	schlechter->schlechte->schlecht
2	schlechtes->schlechte->schlecht
2	versagt->vaters->vater
2	gefangenen->gefangene->gefangen
2	vom->mo->o
2	ioc->co->o
2	punkten->punkte->punkt
2	unterschiedlichen->unterschiedliche->unterschiedlich
2	gewordenen->gewordene->geworden
2	muß->um->u
2	zum->zu->z
2	wirklichen->wirkliche->wirklich
2	standorten->standorte->standort
2	weltweiten->weltweite->weltweit
2	enthält->hätten->hätte
2	unterschiedlicher->unterschiedliche->unterschiedlich
2	iii->ii->i
2	benutzt->nutzte->nutzt
2	benannt->nannte->nennt
2	ii.->ii->i
2	kursen->kurse->kurs
2	gehören->gehöre->gehör
2	dürften->dürfte->dürfe
2	veröffentlichten->veröffentlichte->veröffentlicht
2	fahrzeugen->fahrzeuge->fahrzeug
2	kriegt->tiger->tier
2	ernannt->nannte->nennt
2	kriege->regie->eier
2	ihn,hin->in->n
2	hsv->sv->v
2	uwe->eu->u
2	hof->of->o
2	wirtschaftlichen->wirtschaftliche->wirtschaftlich
2	wirtschaftlicher->wirtschaftliche->wirtschaftlich
2	usw->us->u
2	wochen->woche->echo
2	hob->ob->o
2	internationales->internationale->international
2	internationaler->internationale->international
2	internationalen->internationale->international
2	usd->us->u
2	uns->us->u
2	uno->un->u
2	bin->in->n
2	fahrt->hart->rat,art
2	exakt->akte->akt
2	bis->is->s
2	folgenden->goldenen->goldene
2	ursprünglichen->ursprüngliche->ursprünglich
2	ungewöhnlichen->ungewöhnliche->ungewöhnlich
2	bmw->wm->m
2	genutzt->nutzte->nutzt
2	überraschenden->überraschende->überraschend
2	gus->us->u
2	dunklen->kunden->kunde
2	traditionellen->traditionelle->traditionell
2	trennen->renten->rente,ernte
2	beamter->beamte->beate
2	demokratischen->demokratische->demokratisch
2	ulm->um->u
2	udo,duo->du->u
2	forderten->forderte->fordert
2	sichtlich->schlicht->schicht
2	werfen->ferne->fern
2	drückte->rückte->rückt
2	beachtung->tagebuch->gebucht
2	begrenzten->begrenzte->begrenzt
2	werben->weber->erbe
2	schwarzer->schwarze->schwarz
2	erforderlichen->erforderliche->erforderlich
2	klares->klare->klar,karl
2	schwarzen->schwarze->schwarz
2	klarer->klare->klar,karl
2	interessierten->interessierte->interessiert
2	mit->im,mi->m
2	mr.->r.->r
2	schwachen->schwache->schwach
2	erika->irak->ira
2	haushalten->haushalte->haushalt
2	charles->rasche->rasch
2	welchem->welche->welch
2	entdeckten->entdeckte->entdeckt
2	welchen->welche->welch
2	welcher->welche->welch
2	afp->ap->a
2	cdu->du->u
2	mio->mo->o
2	schneller->schnelle->schnell
2	schnellen->schnelle->schnell
2	klassen->lassen->lasse
2	yen->en,ne->n
2	com->mo->o
2	gedichten->gedichte->gedicht
2	militärischen->militärische->militärisch
2	beschlossenen->beschlossene->beschlossen
2	fulda->lauf->auf
2	csu->us->u
2	sap->ps->s
2	staat->satt->tat
2	dax->ad,da->d
2	komplizierten->komplizierte->kompliziert
2	knappen->knappe->knapp
2	knapper->knappe->knapp
2	daß->ad,da->d
2	gewandt->wandte->daten
2	des,sed->es->s
2	offenen->offene->offen
2	erstattet->startete->startet
2	stadt->satt->tat
2	gab->ag->g
2	nötigen->nötige->nötig
2	gewollt->wollte->wolle
2	repräsentiert->präsentierte->präsentiert
2	dicht->dich->ich
2	erfolgreicher->erfolgreiche->erfolgreich
2	behandlung->ablehnung->anhebung
2	dpa->ap->a
2	erfolgreichen->erfolgreiche->erfolgreich
2	dr.->r.->r
2	beschäftigten->beschäftigte->beschäftigt
2	einmaligen->einmalige->einmalig
2	gekündigt->kündigte->kündigt
2	mrd->dm->m
2	kranken->kranke->krank
2	präsentierten->präsentierte->präsentiert
2	gelegenen->gelegene->gelegen
2	wollten->wollte->wolle
2	stücken->stücke->küste
2	tee->et->t
2	sex->es->s
2	angekündigten->angekündigte->angekündigt
2	nix->in->n
2	nr.->r.->r
2	langfristigen->langfristige->langfristig
2	individuellen->individuelle->individuell
2	gegenwärtigen->gegenwärtige->gegenwärtig
2	mai->im,mi->m
2	mag->am->m
2	unterscheiden->unterschiede->unterschied
2	ötv->tv->v
2	programmen->programme->programm
2	beherrscht->herrschte->herrscht
2	erfährt->härter->härte
2	anschlägen->anschläge->schlagen,schlange
2	stünden->stünde->süden
2	wecken->ecken->ecke
2	unterscheidet->unterschiede->unterschied
2	st.->t.->t
2	musikalischen->musikalische->musikalisch
2	jahrhunderten->jahrhunderte->jahrhundert
2	könnten->könnte->könne
2	zehntel->lehnte->lehnt
2	wichtigen->wichtige->wichtig
2	nannten->nannte->nennt
2	geschafft->schaffte->schafft
2	geschickt->schickte->schickt
2	starb->star->rat,art
2	kairo->irak->ira
2	organisierten->organisierte->organisiert
2	annäherung->anhängern->anhänger
2	ansätze->sätzen->sätze
2	zerstörten->zerstörte->zerstört
2	gestartet->startete->startet
2	ruhestand->treuhand->hundert
2	stars->star->rat,art
2	größten->größte->größe
2	rentner->renten->rente,ernte
2	zentren->renten->rente,ernte
2	größter->größte->größe
2	müssten->müssen->müsse
2	vollständigen->vollständige->vollständig
2	erfordert->forderte->fordert
2	start->satt->tat
2	mitarbeiterin->mitarbeitern->mitarbeiter
2	statt->satt->tat
2	traut->trat->tat
2	tatsächlichen->tatsächliche->tatsächlich
2	günstigen->günstige->günstig
2	historischen->historische->historisch
2	schöner->schöne->söhne
2	schönen->schöne->söhne
2	regelmäßigen->regelmäßige->regelmäßig
2	historischer->historische->historisch
2	arbeitslosen->arbeitslose->arbeitslos
2	zimmern->zimmer->immer
2	fremden->fremde->fremd
2	günstiger->günstige->günstig
2	begriffen->begriffe->begriff
2	lehnten->lehnte->lehnt
2	investoren->versionen->senioren
2	gesetzlichen->gesetzliche->gesetzlich
2	märkten->märkte->ämter
2	unfälle->fällen->fälle
2	wiederholten->wiederholte->wiederholt
2	schwung->wunsch->wuchs
2	benötigten->benötigte->benötigt
2	junger->junge->jung
2	deutlicher->deutliche->deutlich
2	jungen->junge->jung
2	elementen->elemente->element
2	deutlichen->deutliche->deutlich
2	radikalen->kardinal->radikal
2	gefährlicher->gefährliche->gefährlich
2	angaben->begann->gaben
2	gefährlichen->gefährliche->gefährlich
2	karin->iran->ira
2	ausgewählten->ausgewählte->ausgewählt
2	illegalen->illegale->illegal
2	streng->ernst,stern->rest,erst
2	freundlichen->freundliche->freundlich
2	freiwilligen->freiwillige->freiwillig
2	ausreichende->ausreichend->ausreichen
2	protesten->proteste->protest
2	projekten->projekte->projekt
2	kritisierten->kritisierte->kritisiert
2	lokalen->lokale->lokal
2	körperlichen->körperliche->körperlich
2	finanzieller->finanzielle->finanziell
2	finanziellen->finanzielle->finanziell
2	erholt->hotel,holte->holt
2	stufen->stufe->fest
2	museums->museum->summe
2	zusätzlicher->zusätzliche->zusätzlich
2	zusätzlichen->zusätzliche->zusätzlich
2	löschen->schöne->söhne
2	produkten->produkte->produkt
2	problemen->probleme->problem
2	öffentlichen->öffentliche->öffentlich
2	einfacher->einfache->einfach
2	öffentlicher->öffentliche->öffentlich
2	jahres->jahre->jahr
2	einfachen->einfache->einfach
2	so genannten->sogenannten->sogenannte
2	zentralen->zentrale->zentral
2	stören->ernst,stern->rest,erst
2	erster->reste,erste->rest,erst
2	ökologischen->ökologische->ökologisch
2	positives->positive->positiv
2	älteren->ältere->älter
2	entwickelten->entwickelte->entwickelt
2	positiven->positive->positiv
2	dänischen->dänische->schäden
2	motiven->motive->motiv
2	angestrebten->angestrebte->angestrebt
2	änderte->ändert->trend
2	sohnes->hosen->sohn
2	voller->volle->voll
2	kompletten->komplette->komplett
2	dotierten->notierte->notiert
2	vollem->volle->voll
2	doppelten->doppelte->doppelt
2	planen->alpen->plan
2	erkennt->renten->rente,ernte
2	entstandenen->entstandene->entstanden
2	details->detail->datei
2	erwerb->weber->erbe
2	extrem->meter->meer
2	angeboten->angebote->geboten
2	alliierten->italiener->leiterin
2	polens->polen->opel
2	vorgesehenen->vorgesehene->vorgesehen
2	analysten->analysen->analyse
2	typischen->typische->typisch
2	persönlicher->persönliche->persönlich
2	fernen->ferne->fern
2	persönlichen->persönliche->persönlich
2	kompetenz->konzepte->konzept
2	vierte->tiere->tier
2	ferner->ferne->fern
2	eigentlichen->eigentliche->eigentlich
2	versuchen->versuche->versuch
2	fertig,greift->tiger->tier
2	festen->feste->fest
2	dramatischen->dramatische->dramatisch
2	konkreten->konkrete->konkret
2	fester->reste,erste->rest,erst
2	aktuellen->aktuelle->aktuell
2	ähnlichen->ähnliche->ähnlich
2	ähnliches->ähnliche->ähnlich
2	kräftigen->kräftige->kräftig
2	abgaben->angabe->gaben
2	negativen->negative->negativ
2	verzeichnete->verzeichnet->verzichten
2	vielen->viele->viel,live
2	verlusten->verluste->verlust
2	absoluten->absolute->absolut
2	kündigten->kündigte->kündigt
2	künftigen->künftige->künftig
2	nationaler->nationale->national
2	nationalen->nationale->national
2	münchener->münchner->münchen
2	juristischen->juristische->juristisch
2	möglichen->mögliche->möglich
2	mächtigen->mächtige->mächtig
2	künstlerin->künstlern->künstler
2	versicherten->versicherte->versichert
2	umstrittenen->umstrittene->umstritten
2	anhörung->nahrung->ungarn
2	lafontaine->nationale->national
2	texten->texte->text
2	freier->freie,feier->rief,frei
2	berger->berge->berg
2	unabhängigen->unabhängige->unabhängig
2	besonderen->besondere->bodensee
2	orientierten->orientierte->orientiert
2	geübt->übte->übt
2	besonderer->besondere->bodensee
2	besonderes->besondere->bodensee
2	israelis->israels->israel
2	gekostet->kostete->kostet
2	gekämpft->kämpfte->kämpft
2	unterschrift->unterstrich->unterricht
2	verkraften->verankert->verraten
2	verfahrens->verfahren->erfahren
2	sportler->reports->report
2	mitgeteilt->mitteilte->mitteilt
2	dicken->dicke->dick
2	meldeten->meldete->meldet
2	verbesserten->verbesserte->verbessert
2	abgehalten->abgelehnt->gehalten
2	schule->suche->euch
2	schuhe->suche->euch
2	vergangener->vergangene->vergangen
2	sozialer->soziale->sozial
2	gemeldet->meldete->meldet
2	sozialen->soziale->sozial
2	vergangenen->vergangene->vergangen
2	händen->hände->nähe
2	behinderten->behinderte->behindert
2	moralischen->moralische->moralisch
2	jahrzehnten->jahrzehnte->jahrzehnt
2	ganzen->ganze->ganz
2	ganzer->ganze->ganz
2	schloß->solch->loch
2	trafen->raten,arten->erna
2	offiziellen->offizielle->offiziell
2	ausgaben->ausgabe->absage
2	massiven->massive->massiv
2	zuständigen->zuständige->zuständig
2	hotels->hotel,holte->holt
2	bestätigten->bestätigte->bestätigt
2	einstellung->leistungen->leitungen
2	jüngsten->jüngste->jüngst
2	jüngster->jüngste->jüngst
2	gewünschten->gewünschte->gewünscht
2	erstellt->stellte->stellt
2	verbundenen->verbundene->verbunden
2	seinerseits->einerseits->interesse
2	späteren->präsent->später
2	technischer->technische,tschechien->technisch,schichten
2	geholt->hotel,holte->holt
2	kapitals->kapital->plakat
2	stabilen->stabile->stabil
2	angeklagten->angeklagte->angeklagt
2	künstlichen->künstliche->künstlich
2	tübingen->beginnt->beginn
2	beantwortet->antwortete->antwortet
2	drastischen->drastische->drastisch
2	höchster->höchste->höchst
2	zustande->tausend->stunde
2	bekämpft->kämpfte->kämpft
2	gelöst->löste->löst
2	geschichten->technische,tschechien->technisch,schichten
2	gesteckt->steckte->steckt
2	gestellt->stellte->stellt
2	hatte->etat->tat
2	betroffenen->betroffene->betroffen
2	gestürzt->stürzte->stürzt
2	übrigens->übrigen->bringe
2	natürlichen->natürliche->natürlich
2	äußerten->äußerte->äußert
2	bietet->bitte->bett
2	zukünftigen->zukünftige->zukünftig
2	veränderten->veränderte->verändert
2	regime->regie->eier
2	schweren->schwere->schwer
2	trends->ernst,stern->rest,erst
2	geriet->tiger->tier
2	besseren->bessere->besser
2	besseres->bessere->besser
2	ließen->ließe->ließ
2	schätzen->nächste->nächte
2	schwierigen->schwierige->schwierig
2	heißen->heiße->hieß,heiß
2	gemeinsames->gemeinsame->gemeinsam
2	objekten->objekte->objekt
2	billiger->billige->billig
2	bestellt->stellte->stellt
2	nürnberg->bürgern->bürger
2	birgit->birgt->gibt
2	billigen->billige->billig
2	bitten->bitte->bett
2	nächster->nächste->nächte
2	nächsten->nächste->nächte
2	gemeinsamen->gemeinsame->gemeinsam
2	änderung->drängen->ändern
2	wirbt->wirt->wir
2	geäußert->äußerte->äußert
2	geöffnet->öffnete->öffnet
2	wirft->wirt->wir
2	bedingungen->beendigung->bedingung
2	rechtlichen->rechtliche->rechtlich
2	angeblichen->angebliche->angeblich
2	bittet->bitte->bett
2	politischen->politische->politisch
2	politischer->sportliche->sportlich
2	attraktiver->attraktive->attraktiv
2	politisches->politische->politisch
2	globalen->globale->global
2	bühnen->bühne->üben
2	bezirken->bezirke->bezirk
2	heftiger->heftige->heftig
2	heftigen->heftige->heftig
2	humor->ruhm->uhr
2	erheblicher->erhebliche->erheblich
2	vorläufigen->vorläufige->vorläufig
2	erheblichen->erhebliche->erheblich
2	notwendigen->notwendige->notwendig
2	systemen->systeme->system
2	boeing->bogen->oben
2	vorliegt->vorteil->oliver
2	buches,besuch->suche->euch
2	amerikanern->amerikaner->markieren
2	buchen->buche->euch
2	handlung->landung->ladung
2	praktischen->praktische->praktisch
2	großem->große->groß
2	großer->große->groß
2	allgemeinen->allgemeine->allgemein
2	schlechthin->schlichten->technisch,schichten
2	staatlicher->staatliche->staatlich
2	staatlichen->staatliche->staatlich
2	großes->große->groß
2	sportlichen->sportliche->sportlich
2	bringt->birgt->gibt
2	rabin->iran->ira
2	bremen->erben->erbe
2	üblichen->übliche->üblich
2	bewegten->bewegte->bewegt
3	materie->mieter->meter->meer
3	mund->und->un->u
3	paßt->paß->ap->a
3	aktive->aktie->akte->akt
3	zunehmenden->zunehmende->zunehmend->zunehmen
3	spaß->saß->sa->s
3	laufen->laufe->lauf->auf
3	wagt->tag->ag->g
3	begannen->angeben->begann->gaben
3	zukommen->kommune->kommen->komme
3	größeres->größere->größer->größe
3	größerer->größere->größer->größe
3	besorgt->sorgte->sorge->rose
3	größeren->größere->größer->größe
3	juni->uni->un->u
3	lehrstellen->herstellen->erstellen->seltener
3	höheren,erhöhen->höhere->höher->höhe
3	euro->eur->eu->u
3	ermöglicht->möglicher->mögliche->möglich
3	sind->ins->is->s
3	wand->and->an,na->n
3	müde->dem->em->m
3	fach->ach->ca->c
3	höherer->höhere->höher->höhe
3	laut->alt,tal->la->l
3	verlief->vieler->viele->viel,live
3	gegründeten->gegründete->gegründet->gründete
3	mond->dom->mo->o
3	fand->and->an,na->n
3	feld->elf->le->l
3	harter->harte->hart->rat,art
3	einblick->blicken->blicke->blick
3	verließ->vieler->viele->viel,live
3	basf->abs->sa->s
3	gefüllt->flügel->flüge->lüge
3	beraten->renate->raten,arten->erna
3	straßen->straße->streß->rest,erst
3	genauen->genaue->augen,genau->auge
3	friedlichen->friedliche->friedlich->freilich
3	ball->all->la->l
3	bald->bad->ad,da->d
3	genauer->grauen->graue->auge
3	sendungen->gesunden->sendung->gesund
3	drei->dir->di->i
3	kommunen->kommune->kommen->komme
3	jetzige->zeigte->zeigt->zeit
3	hektar->karte->akte->akt
3	elektronischen->elektronische->elektrischen->elektrische
3	tel.->tel->et->t
3	sehr->her->er->r
3	schönheit->höchsten->höchste->höchst
3	investieren->intensiver->intensive->intensiv
3	entscheidenden->entscheidende->entscheidend->entschieden,entscheiden
3	eröffnete->eröffnet->öffnete->öffnet
3	gesetzt->setzte->setzt->test
3	gesorgt->sorgte->sorge->rose
3	erstens->erstes->reste,erste->rest,erst
3	vorhandenen->vorhandene->vorhanden->hannover
3	gesucht->suchte->suche->euch
3	schwelle->wechsel,welches->welche->welch
3	ambiente->beamten->beamte->beate
3	bahn->nah->an,na->n
3	solches->solche->solch->loch
3	solcher->solche->solch->loch
3	begründeten->begründete->begründet->gründete
3	hertha->harte->hart->rat,art
3	erschwert->schwerer->schwere->schwer
3	wechseln->wechsel,welches->welche->welch
3	solchen->solche->solch->loch
3	gesetzes->gesetze->gesetz->setze
3	kongreß->großen->große->groß
3	novelle->vollen->volle->voll
3	händlern->ländern->länder->läden
3	gesetzen->gesetze->gesetz->setze
3	gezeigt->zeigte->zeigt->zeit
3	gezählt->zählte->zählt->hält
3	dort->ort,rot,tor->to->t
3	sterben->sterne,ersten->ernst,stern->rest,erst
3	teilnehmern->teilnehmer->erhielten->erteilen
3	dorf,ford->for->fr->r
3	oslo->los->so->s
3	erwähnt->nähert->näher->nähe
3	bedeutete->bedeutet->deutete->deutet
3	jena,jean->jan->an,na->n
3	eingeladen->liegenden->liegende->legende
3	gebieten->gebiete->gebiet->biete
3	maße->maß->am->m
3	peru->eur->eu->u
3	dirk->dir->di->i
3	beim->ibm->im,mi->m
3	vertraut->vertrat->verrat->vater
3	bein->nie,ein->in->n
3	aids->sid->is->s
3	suchten->suchte->suche->euch
3	jagd->dag->ag->g
3	ivan->van->an,na->n
3	froh->for->fr->r
3	fuhr->ruf->fr->r
3	tips->ist->is->s
3	jegliche->gleiche->gleich->chile
3	fürs->für->fr->r
3	gedrückt->gerückt->rückte->rückt
3	gestiegenen->geeigneten->geeignete->geeignet
3	kaum->kam->km->m
3	moderner->moderne->enorme->enorm
3	kids->sid->is->s
3	modernen->enormen->normen->enorm
3	gehe->ehe->eh->e
3	privater->private->partie,partei->petra
3	prag->arg,gar->ag->g
3	privaten->private->partie,partei->petra
3	viag->via->iv->v
3	maus->ums->us->u
3	quer->eur->eu->u
3	bremsen,bremens->serben->erben->erbe
3	marx->max->am->m
3	also->los->so->s
3	frisch->fisch->sich->ich
3	kuba->bau->ba,ab->b
3	geht->the->et->t
3	verkauften->verkaufte->verkauft->verkauf
3	kiew->wie->ei->i
3	muss->ums->us->u
3	letztes->setzte->setzt->test
3	dass->das->sa->s
3	menschlicher->menschliche->chemischen->chemische
3	gentechnisch->technischen->technische,tschechien->technisch,schichten
3	mars->arm->am->m
3	menschlichen->menschliche->chemischen->chemische
3	dasa->das->sa->s
3	erhoffen->offener->offene->offen
3	satz->stz->sz->z
3	genf->gen,eng->en,ne->n
3	jährlichen->ähnlicher->ähnliche->ähnlich
3	dann->and->an,na->n
3	asyl->als,las->sa->s
3	dank->and->an,na->n
3	sank->ans->sa->s
3	welt->tel->et->t
3	dach->ach->ca->c
3	christlichen->christliche->sicherlich->reichlich
3	rang->arg,gar->ag->g
3	salz->als,las->sa->s
3	herz->her->er->r
3	zwei->wie->ei->i
3	hemd->dem->em->m
3	heim->ihm->im,mi->m
3	hebt->the->et->t
3	lied,leid->die->ei->i
3	bist->ist->is->s
3	wenn->new,wen->en,ne->n
3	eingriffe->eingriff->griffen->finger
3	olga->aol->la->l
3	sage->gas->sg->s
3	berühmten->berühmte->berühmt->bemüht
3	saal->als,las->sa->s
3	trio->ort,rot,tor->to->t
3	liga->ali->la->l
3	obst->ost,ots->to->t
3	bush->bus->us->u
3	rolf->for->fr->r
3	zählten->zählte->zählt->hält
3	mode->dom->mo->o
3	glas->als,las->sa->s
3	hast->sah->sa->s
3	hang->nah->an,na->n
3	bund->und->un->u
3	faktor->kraft->traf->rat,art
3	gott->tot->to->t
3	hals->als,las->sa->s
3	boot->bot->to->t
3	fakten->akten->akte->akt
3	hahn->nah->an,na->n
3	grad->arg,gar->ag->g
3	habe->hab->ba,ab->b
3	versuchten->versuchte->versucht->versuch
3	jobs->job->ob->o
3	angestellten->angestellte->angestellt->gestalten
3	morgens->sorgen->sorge->rose
3	umso->ums->us->u
3	aufs->usa,aus->us->u
3	regiert->reiter->tiere->tier
3	tausenden->tausende->tausend->stunde
3	angriffen->angriffe->griffen->finger
3	brot->ort,rot,tor->to->t
3	geständnis->ständigen->ständige->ständig
4	getan,tagen->tage->tag->ag->g
4	allee->alle->all->la->l
4	route->tour->ort,rot,tor->to->t
4	marktes->starke->stark->star->rat,art
4	markt->mark->arm->am->m
4	jeglicher->gleicher->gleiche->gleich->chile
4	angegeben->begangen->angeben->begann->gaben
4	roten,orten,toren,tenor->rote,tore,orte->ort,rot,tor->to->t
4	bösen->böse->bse->es->s
4	autor->tour->ort,rot,tor->to->t
4	wegen->wege->weg->eg->g
4	gewiß->weiß->wie->ei->i
4	wehrt->wert->rwe,wer->er->r
4	ansprüche->sprachen->sprache->sprach->rasch
4	zeuge->zeug,zuge->zug->zu->z
4	schritt->strich->tisch,sicht,stich->sich->ich
4	bewirkt->wirkte->wirkt->wirt->wir
4	album->baum->bau->ba,ab->b
4	warum->warm->arm->am->m
4	aller->alle->all->la->l
4	schrift->strich->tisch,sicht,stich->sich->ich
4	weile->weil->wie->ei->i
4	alles->alle->all->la->l
4	lacht->halt->alt,tal->la->l
4	höchstens->schönste->schönes->schöne->söhne
4	töten->töne->net->et->t
4	schlafen,falschen,flaschen->falsche,flasche->schafe->chefs->chef
4	verletzten->verletzte->verletzt->letzter->letzte
4	dafür->darf->ard,dar,rad->ad,da->d
4	erhöhten->erhöhte->erhöht->hörte->hört
4	gehörten->gehörte->gehört->hörte->hört
4	umbau->baum->bau->ba,ab->b
4	bauch->auch->ach->ca->c
4	glanz->lang->lag->la->l
4	ergänzte->ergänzt->gärten->gerät->regt
4	glatt->galt->alt,tal->la->l
4	dahin->hand->nah->an,na->n
4	gefühlen->gefühle->gefühl->hügel->lüge
4	klage->lage,egal->lag->la->l
4	kamen->name->man->an,na->n
4	entsprach->sprachen->sprache->sprach->rasch
4	stieß->seit->ist->is->s
4	kalte->kalt->alt,tal->la->l
4	lebed->lebe,elbe->lee->le->l
4	traum,armut->turm->mut->um->u
4	hörer->herr->her->er->r
4	staub->stau->usa,aus->us->u
4	schlugen->schulen->suchen->suche->euch
4	starker->starke->stark->star->rat,art
4	darum->raum->arm->am->m
4	personal->parolen->planer->alpen->plan
4	saßen->nase->ans->sa->s
4	scharfen->scharfe->schafe->chefs->chef
4	niederlagen->niederlage->erledigen->liegende->legende
4	zielt->zelt->tel->et->t
4	gutem->gute->ute->eu->u
4	starkes->starke->stark->star->rat,art
4	guten->gute->ute->eu->u
4	gutes->gute->ute->eu->u
4	kabul->blau->bau->ba,ab->b
4	erklärten->erklärte->älterer->ältere->älter
4	brand->rand,dran->ard,dar,rad->ad,da->d
4	stahl->last->alt,tal->la->l
4	brach->bach->ach->ca->c
4	gehen->gene,enge->gen,eng->en,ne->n
4	halle->alle->all->la->l
4	macht,match->acht->ach->ca->c
4	genannten->genannte->genannt->nannte->nennt
4	handy->hand->nah->an,na->n
4	geben->gene,enge->gen,eng->en,ne->n
4	kanzlers->kanzler->klaren->klare->klar,karl
4	versetzt->ersetzt->setzte->setzt->test
4	aspekte->aspekt->paket->akte->akt
4	folgten->folgte->folgt->golf,flog->olg
4	bedauerte->bedauert->dauerte->dauert->dauer
4	erworben->erobern->oberen->erben->erbe
4	schubert->besucht->suchte->suche->euch
4	todes,desto->tode->tod->to->t
4	thron->roth->ort,rot,tor->to->t
4	schulden->schulen->suchen->suche->euch
4	wiegt->weit->wie->ei->i
4	menge->gene,enge->gen,eng->en,ne->n
4	anruf->frau->ruf->fr->r
4	motto->otto->tot->to->t
4	erzählte->erzählt->zählte->zählt->hält
4	hauch->auch->ach->ca->c
4	helga->lage,egal->lag->la->l
4	bibel,blieb->leib->bei->ei->i
4	jenes->seen->see->es->s
4	entsprechendes->entsprechende->entsprechend->entsprechen->entspreche
4	fleisch->fische->fisch->sich->ich
4	spricht->strich->tisch,sicht,stich->sich->ich
4	bezug->zeug,zuge->zug->zu->z
4	gespart->sparte->spart->star->rat,art
4	frust->ruft->ruf->fr->r
4	getränke->geräten->gärten->gerät->regt
4	jeher->heer,eher,ehre->her->er->r
4	sowie->wies->wie->ei->i
4	vorne->vorn->von->on->o
4	ihrem->mehr->her->er->r
4	wichtigsten->wichtigste->wichtiges->wichtige->wichtig
4	beiträge->beträge->geräte->gerät->regt
4	erspart->sparte->spart->star->rat,art
4	entsprechender->entsprechende->entsprechend->entsprechen->entspreche
4	songs->song->sog->so->s
4	ihrer->herr->her->er->r
4	entsprechenden->entsprechende->entsprechend->entsprechen->entspreche
4	bedenken->beenden->ebenen->neben->eben
4	sogar->gras->gas->sg->s
4	beruf->ufer->ruf->fr->r
4	sitzt->sitz->stz->sz->z
4	herum->ruhe->eur->eu->u
4	schönsten->schönste->schönes->schöne->söhne
4	metro->rote,tore,orte->ort,rot,tor->to->t
4	neuer->neue->neu->un->u
4	neuen->neun->nun->un->u
4	jeder->rede,erde->red,der->er->r
4	neuem->neue->neu->un->u
4	heuer->ruhe->eur->eu->u
4	eingeschlossen->geschlossenen->geschlossene->geschlossen->geschossen
4	bedienen->beenden->ebenen->neben->eben
4	sieht->seit->ist->is->s
4	ewige->ewig->wie->ei->i
4	jeden->ende->den->en,ne->n
4	index->dein->nie,ein->in->n
4	gezielte->gezielt->zeigte->zeigt->zeit
4	geändert->geräten->gärten->gerät->regt
4	siehe->sehe->see->es->s
4	siege->sieg->sei,sie,eis->is->s
4	lobte->lobt->bot->to->t
4	rauch->auch->ach->ca->c
4	gekauft->kaufte->kauft->kauf->auf
4	insel->sein,eins->ins->is->s
4	falle->fall->all->la->l
4	witwe->weit->wie->ei->i
4	falls->fall->all->la->l
4	faust->stau->usa,aus->us->u
4	armee->arme->arm->am->m
4	felix->lief,fiel->elf->le->l
4	infolge->folgen->folge->golf,flog->olg
4	woher->wehr->rwe,wer->er->r
4	schiffe->schiff->fisch->sich->ich
4	beton,boten->note->ton,not->to->t
4	konzerns->konzern->kronen->krone->kern
4	besuchte->besucht->suchte->suche->euch
4	horst->roth->ort,rot,tor->to->t
4	pfund->fund->und->un->u
4	amtes,teams->samt->amt->am->m
4	drohe->oder->red,der->er->r
4	fenstern->sternen->sterne,ersten->ernst,stern->rest,erst
4	seite->seit->ist->is->s
4	ampel->male->mal->am->m
4	vorab->brav->bar->ba,ab->b
4	forum->form->rom->mo->o
4	voran->vorn->von->on->o
4	wären->wäre->rwe,wer->er->r
4	streifen->fenster->sterne,ersten->ernst,stern->rest,erst
4	hunde->hund->und->un->u
4	gefolgt->folgte->folgt->golf,flog->olg
4	raketen->karten->karte->akte->akt
4	schnitt->nichts->tisch,sicht,stich->sich->ich
4	wärme->wäre->rwe,wer->er->r
4	jeans->nase->ans->sa->s
4	geforderten->geforderte->gefordert->forderte->fordert
4	mainz->main->man->an,na->n
4	erzählen->zählern->zählen->zähne->nähe
5	wahren->waren->ware->rwe,wer->er->r
5	unterm->unter->treu->ute->eu->u
5	wehren->ehren->heer,eher,ehre->her->er->r
5	börsen->börse->böse->bse->es->s
5	kurzem->kurze,kreuz->kurz->zur->zu->z
5	wissen->wisse->wies->wie->ei->i
5	bedarf->farbe->aber->bar->ba,ab->b
5	feinen->einen->nein->nie,ein->in->n
5	feinde->feine->fein->nie,ein->in->n
5	echten->echte->echt->the->et->t
5	farben->farbe->aber->bar->ba,ab->b
5	wirken->erwin->wien,wein->new,wen->en,ne->n
5	lagern,langer->lager->lage,egal->lag->la->l
5	angeht->athen->nahe->nah->an,na->n
5	fallen->allen->alle->all->la->l
5	winkel->linke,klein->knie,kein->nie,ein->in->n
5	hessen->essen->seen->see->es->s
5	marken->armen->arme->arm->am->m
5	tunnel->unten->neun->nun->un->u
5	herzen->ehren->heer,eher,ehre->her->er->r
5	fahren->heran->nahe->nah->an,na->n
5	wendet->wende->ende->den->en,ne->n
5	fahnen->ahnen,nahen->nahe->nah->an,na->n
5	sieben->seien,seine,eines,eisen->sein,eins->ins->is->s
5	träumt->räumt->turm->mut->um->u
5	eignet->eigen->inge->nie,ein->in->n
5	denselben->lebenden->beenden->ebenen->neben->eben
5	deutschem->deutsche->deutsch->suchte->suche->euch
5	deutschen->deutsche->deutsch->suchte->suche->euch
5	deutscher->deutsche->deutsch->suchte->suche->euch
5	ewigen,wenige->wenig->wien,wein->new,wen->en,ne->n
5	deutsches->deutsche->deutsch->suchte->suche->euch
5	namens,mannes->namen->mann->man->an,na->n
5	singen->sinne->sinn->ins->is->s
5	ruanda->daran->rand,dran->ard,dar,rad->ad,da->d
5	szenen->szene->seen->see->es->s
5	sinken->sinne->sinn->ins->is->s
5	verärgert->verträge->erträge->träger,ärgert->gerät->regt
5	runden->runde->rund->nur->un->u
5	chinas->china->nach->nah->an,na->n
5	lehrer->lehre->leer->lee->le->l
5	sabine->asien->sein,eins->ins->is->s
5	sofort->fotos->foto->oft->to->t
5	gesang->sagen->sang->ans->sa->s
5	inseln->sinne->sinn->ins->is->s
5	endgültigen->endgültige->endgültig->gültigen->gültige->gültig
5	zucker->kurze,kreuz->kurz->zur->zu->z
5	bieten->beine->eine->nie,ein->in->n
5	willen->wille->weil->wie->ei->i
5	gesagt->sagte,tages->sagt,gast->tag->ag->g
5	proben->probe->oper->per->er->r
5	daheim->media->dame->dem->em->m
5	wagner->waren->ware->rwe,wer->er->r
5	beiträgen->einträge->geräten->gärten->gerät->regt
5	jugend->juden->jude->ude->eu->u
5	vieles->leise->ilse->sei,sie,eis->is->s
5	zinsen->sinne->sinn->ins->is->s
5	henkel->enkel->elke->lee->le->l
5	mordes->morde->mord->rom->mo->o
5	nähere->ehren->heer,eher,ehre->her->er->r
5	sollen->solle->soll->los->so->s
5	zagreb->ergab->grab->arg,gar->ag->g
5	soweit->weist->weit->wie->ei->i
5	wenden->wende->ende->den->en,ne->n
5	erlöse->leser->leer->lee->le->l
5	kinkel->linke,klein->knie,kein->nie,ein->in->n
5	befand->baden,bande,abend->band->and->an,na->n
5	wilden->wilde->weil->wie->ei->i
5	widmen->indem->mein->nie,ein->in->n
5	spiels->spiel->ilse->sei,sie,eis->is->s
5	lebten->lebte->lebt->tel->et->t
5	erhalt->alter->alte->tel->et->t
5	gerade->gerda->gerd->red,der->er->r
5	spitze->sitze->sitz->stz->sz->z
5	sports->sport->post->ost,ots->to->t
5	anzeichen->zeichnen->zeichen->ziehen->heinz->zehn
5	kehren->ehren->heer,eher,ehre->her->er->r
5	jemand->damen->name->man->an,na->n
5	bildet->liebt->teil->tel->et->t
5	streit->reist->seit->ist->is->s
5	daniel->lande,laden->land->and->an,na->n
5	heimat->thema->atem,team->amt->am->m
5	darauf->drauf->frau->ruf->fr->r
5	profil->profi->prof->for->fr->r
5	mauern->mauer->raum->arm->am->m
5	binnen->innen->nein->nie,ein->in->n
5	genfer->regen,gerne,enger->gern->gen,eng->en,ne->n
5	erdgas->gerda->gerd->red,der->er->r
5	dasein->indes->sein,eins->ins->is->s
5	einzelnen->einzelne->einzeln->zeilen,zielen->ziele,zeile->ziel
5	strand->stand->sand->ans->sa->s
5	einzelner->einzelne->einzeln->zeilen,zielen->ziele,zeile->ziel
5	stammt->stamm->samt->amt->am->m
5	autors->autos->stau->usa,aus->us->u
5	stoßen->osten->note->ton,not->to->t
5	medien->meine,einem->mein->nie,ein->in->n
5	knoten,konnte,konten->noten,tonne->note->ton,not->to->t
5	bahnen->ahnen,nahen->nahe->nah->an,na->n
5	gelegt->legte,gelte->legt->tel->et->t
5	bisher->ihres->reis->sir->is->s
5	japans->japan->anja->jan->an,na->n
5	schaut->schau->haus->usa,aus->us->u
5	stehen,thesen->these,stehe->sehe->see->es->s
5	stetig,steigt->geist,stieg->seit->ist->is->s
5	hauses->hause->haus->usa,aus->us->u
5	kindes->indes->sein,eins->ins->is->s
5	stille->still->stil->ist->is->s
5	bauern->bauer->aber->bar->ba,ab->b
5	gelder->regel->leer->lee->le->l
5	heroin->rhein,ihren->rein->nie,ein->in->n
5	belgischen->englische->gleichen->leichen->eichel,leiche->chile
5	gelang->lange,nagel,lagen->lang->lag->la->l
5	bauten->bunte->bunt->tun->un->u
5	profis->profi->prof->for->fr->r
5	decken->denke->ende->den->en,ne->n
5	gewählten->gewählte->gewählt->wählte->wählt->hält
5	meinem->meine,einem->mein->nie,ein->in->n
5	profit->profi->prof->for->fr->r
5	beiden->deine,ideen->eine->nie,ein->in->n
5	kurzer->kurze,kreuz->kurz->zur->zu->z
5	sichtbar->christa->strich->tisch,sicht,stich->sich->ich
5	faktoren->kroaten->karten->karte->akte->akt
5	reinen,innere->reine,irene,einer->rein->nie,ein->in->n
5	gestorben->obersten->oberste->bester->reste,erste->rest,erst
5	meinen->minen->nein->nie,ein->in->n
5	weißer->weiße->weiß->wie->ei->i
5	melden->elend->ende->den->en,ne->n
5	haufen->hafen,fahne->nahe->nah->an,na->n
5	beider->beide->idee->die->ei->i
5	warmen->waren->ware->rwe,wer->er->r
5	kneipe->keine->knie,kein->nie,ein->in->n
5	gehirn->rhein,ihren->rein->nie,ein->in->n
5	berufe->feuer->ufer->ruf->fr->r
5	hatten->taten,tante->nett->net->et->t
5	mengen->engen->gene,enge->gen,eng->en,ne->n
5	gehalt->halte->halt->alt,tal->la->l
5	opfern->opfer->prof->for->fr->r
5	wortes->worte->wort->wto->wo->o
5	beides->diese->dies->sei,sie,eis->is->s
5	beinen->einen->nein->nie,ein->in->n
5	gefahr->frage->graf->arg,gar->ag->g
5	geburt,betrug->guter->treu->ute->eu->u
5	denken->denen,enden->denn->den->en,ne->n
5	andrea->rande->rand,dran->ard,dar,rad->ad,da->d
5	beruft->freut->ruft->ruf->fr->r
5	design->indes->sein,eins->ins->is->s
5	bliebe,bleibe->liebe->leib->bei->ei->i
5	deuten->endet->ende->den->en,ne->n
5	anlage,angela->lange,nagel,lagen->lang->lag->la->l
5	tiefen->feine->fein->nie,ein->in->n
5	kalten->alten->alte->tel->et->t
5	erfolgte->erfolgt->folgte->folgt->golf,flog->olg
5	werten->werte->wert->rwe,wer->er->r
5	handel,handle->lande,laden->land->and->an,na->n
5	feierten->feierte->feiert,tiefer->tiefe->tief->fit
5	weißen->weiße->weiß->wie->ei->i
5	bloßen->bloße->bloß->lob->ob->o
5	englischen->englische->gleichen->leichen->eichel,leiche->chile
5	warfen->waren->ware->rwe,wer->er->r
5	jahren->heran->nahe->nah->an,na->n
5	dienen->einen->nein->nie,ein->in->n
5	gefeiert->feierte->feiert,tiefer->tiefe->tief->fit
5	werkes->werks->werk->rwe,wer->er->r
5	hürden->hürde->rühe->her->er->r
5	metall->allem->male->mal->am->m
5	vergeblich->vergleich->gleicher->gleiche->gleich->chile
5	fuhren->uhren,ruhen->ruhe->eur->eu->u
5	werken->werke->werk->rwe,wer->er->r
5	weiten->weite->weit->wie->ei->i
5	diesem->diese->dies->sei,sie,eis->is->s
5	hallen->allen->alle->all->la->l
5	diesen->seien,seine,eines,eisen->sein,eins->ins->is->s
5	frühen,führen->führe,frühe->früh->für->fr->r
5	dieses->diese->dies->sei,sie,eis->is->s
5	albert->alter->alte->tel->et->t
5	beirat,arbeit->breit,trieb->bier->bei->ei->i
5	worten->worte->wort->wto->wo->o
5	minder->indem->mein->nie,ein->in->n
5	misere->reise,serie->reis->sir->is->s
5	halben->haben->nahe->nah->an,na->n
5	worden->orden->oder->red,der->er->r
5	werden->werde,weder->rede,erde->red,der->er->r
5	nieder->reine,irene,einer->rein->nie,ein->in->n
5	reißen->reine,irene,einer->rein->nie,ein->in->n
5	weitem->weite->weit->wie->ei->i
5	freute->freut->ruft->ruf->fr->r
5	lasten->senat->nase->ans->sa->s
5	weisen,wiesen->wesen->seen->see->es->s
5	freund->rufen->ufer->ruf->fr->r
5	kurzen->kurze,kreuz->kurz->zur->zu->z
5	freude->feuer->ufer->ruf->fr->r
5	dingen->dinge->inge->nie,ein->in->n
5	weimar->marie->arme->arm->am->m
5	briefe->brief->bier->bei->ei->i
5	hälfte->fehlt->heft->the->et->t
5	frauen->rufen->ufer->ruf->fr->r
5	kleine->linke,klein->knie,kein->nie,ein->in->n
5	hunger->uhren,ruhen->ruhe->eur->eu->u
5	teurer,reuter->treue,teure,teuer->treu->ute->eu->u
5	verstärkten->verstärken->stärkeren->stärkere->stärker->stärke
5	hubert,beruht->huber->ruhe->eur->eu->u
5	fortan->front->fort->ort,rot,tor->to->t
5	grunde->grund->rund->nur->un->u
5	drehen->ehren->heer,eher,ehre->her->er->r
5	seinem,meines->seien,seine,eines,eisen->sein,eins->ins->is->s
5	seinen->sinne->sinn->ins->is->s
5	irland->darin->drin->dir->di->i
5	seines->essen->seen->see->es->s
5	belege->gelbe,beleg->lebe,elbe->lee->le->l
5	drogen->orden->oder->red,der->er->r
5	drohen->orden->oder->red,der->er->r
5	besetzten->besetzte->besetzt->setzte->setzt->test
5	lenken->enkel->elke->lee->le->l
5	leiden->elend->ende->den->en,ne->n
5	kosten->osten->note->ton,not->to->t
5	keinen->einen->nein->nie,ein->in->n
5	betrag->trage->tage->tag->ag->g
5	gewechselt->wechselte->wechselt->wechsel,welches->welche->welch
5	kaiser->krise,kreis->reis->sir->is->s
5	selben,lebens->lesen->seen->see->es->s
5	hinweg->wenig->wien,wein->new,wen->en,ne->n
5	museen->neues->neue->neu->un->u
5	hinten->ihnen->nein->nie,ein->in->n
5	westlicher->westliche->wechselt->wechsel,welches->welche->welch
5	selber->leser->leer->lee->le->l
5	fliegt->liegt->teil->tel->et->t
5	findet->dient->dein->nie,ein->in->n
5	wandel->lande,laden->land->and->an,na->n
5	hinein->ihnen->nein->nie,ein->in->n
5	pleite->teile,elite->teil->tel->et->t
5	finden->finde,feind->fein->nie,ein->in->n
5	keinem->meine,einem->mein->nie,ein->in->n
5	senats->senat->nase->ans->sa->s
5	filmen->filme->lief,fiel->elf->le->l
5	lieber->liebe->leib->bei->ei->i
5	realen->reale->leer->lee->le->l
5	glaube->blaue->blau->bau->ba,ab->b
5	bunten->unten->neun->nun->un->u
5	makler->maler->arme->arm->am->m
5	walter->alter->alte->tel->et->t
5	konferenz->konzerne->konzern->kronen->krone->kern
5	muster->sturm->turm->mut->um->u
6	anderer->redner->derer->rede,erde->red,der->er->r
6	demnach,nachdem->machen,manche->manch->nahm->man->an,na->n
6	urteile->urteil->liter->teil->tel->et->t
6	gedreht->drehte->redet->rede,erde->red,der->er->r
6	gezeichnet->zeichnete->zeichnet->zeichen->ziehen->heinz->zehn
6	gedroht->drohte->droht->roth->ort,rot,tor->to->t
6	erlebte->erlebt->lebte->lebt->tel->et->t
6	england->langen->lange,nagel,lagen->lang->lag->la->l
6	bestand->abends->bands->sand->ans->sa->s
6	gefragt->fragte->fragt->graf->arg,gar->ag->g
6	spanier->sparen->rasen->nase->ans->sa->s
6	verlage->verlag->lager->lage,egal->lag->la->l
6	besitzt->besitz->sitze->sitz->stz->sz->z
6	besiegt->siegte->geist,stieg->seit->ist->is->s
6	vertrag->ertrag->trage->tage->tag->ag->g
6	berufen->freuen->rufen->ufer->ruf->fr->r
6	bericht->reicht->recht->echt->the->et->t
6	spalten->spalte->altes->last->alt,tal->la->l
6	steuert->steuer->treue,teure,teuer->treu->ute->eu->u
6	fehlern->fehler,helfer->lehre->leer->lee->le->l
6	einsatz->sitzen->sitze->sitz->stz->sz->z
6	fehlten->fehlte->fehlt->heft->the->et->t
6	geiseln->eigens,siegen->seien,seine,eines,eisen->sein,eins->ins->is->s
6	beliebt->bleibt->liebt->teil->tel->et->t
6	platten->talent->taten,tante->nett->net->et->t
6	entlang->galten->alten->alte->tel->et->t
6	belegen->gelben->legen,engel->gene,enge->gen,eng->en,ne->n
6	pistole->spielt->liest,teils,liste->stil->ist->is->s
6	schauen->sachen->sahen->hans->ans->sa->s
6	feldern->felder->leder->leer->lee->le->l
6	gemacht->machte->thema->atem,team->amt->am->m
6	beitrag->ergibt->breit,trieb->bier->bei->ei->i
6	schaden->sachen->sahen->hans->ans->sa->s
6	sorgten->ostern->osten->note->ton,not->to->t
6	dateien->diente->dient->dein->nie,ein->in->n
6	durften->durfte->freut->ruft->ruf->fr->r
6	steuern->steuer->treue,teure,teuer->treu->ute->eu->u
6	tauchen->achten->athen->nahe->nah->an,na->n
6	vorlage->verlag->lager->lage,egal->lag->la->l
6	befreit->breite,bereit->breit,trieb->bier->bei->ei->i
6	befragt->fragte->fragt->graf->arg,gar->ag->g
6	genießt->gießen->eigen->inge->nie,ein->in->n
6	setzten->setzen->netze->netz->net->et->t
6	stießen->steine,seiten->einst,stein->seit->ist->is->s
6	saniert->satire->reist->seit->ist->is->s
6	bayerns->bayern->bayer->aber->bar->ba,ab->b
6	dagegen->gegend->gegen->gene,enge->gen,eng->en,ne->n
6	gerufen->freuen->rufen->ufer->ruf->fr->r
6	sondern->ordnen,norden->orden->oder->red,der->er->r
6	geräumt->räumte,träume->räumt->turm->mut->um->u
6	kanther->harten->athen->nahe->nah->an,na->n
6	basiert->satire->reist->seit->ist->is->s
6	sollten->sollte->solle->soll->los->so->s
6	sachsen->sachen->sahen->hans->ans->sa->s
6	autoren->trauen->unter->treu->ute->eu->u
6	senator->ostern->osten->note->ton,not->to->t
6	gesenkt->gesten->segen->seen->see->es->s
6	fischer,frische->sicher,schier->ihres->reis->sir->is->s
6	kirchen->kirche->reich,erich->ihre,hier->her->er->r
6	gestand->sagten->angst->sagt,gast->tag->ag->g
6	fliegen->liegen->legen,engel->gene,enge->gen,eng->en,ne->n
6	träumen->räumte,träume->räumt->turm->mut->um->u
6	kleider->derlei,leider,lieder->leder->leer->lee->le->l
6	redaktion->kroatien,reaktion->kroaten->karten->karte->akte->akt
6	kleinen->linken->linke,klein->knie,kein->nie,ein->in->n
6	kleines->keines->seien,seine,eines,eisen->sein,eins->ins->is->s
6	fliehen->hilfen->hilfe->lief,fiel->elf->le->l
6	fließen->fielen,liefen->feine->fein->nie,ein->in->n
6	turnier->runter->unter->treu->ute->eu->u
6	drohten->drohte->droht->roth->ort,rot,tor->to->t
6	identisch->einsicht->scheint->nichts->tisch,sicht,stich->sich->ich
6	westens->westen->wesen->seen->see->es->s
6	gewarnt->warnte,warten->waren->ware->rwe,wer->er->r
6	gewinnt->gewinn->wenig->wien,wein->new,wen->en,ne->n
6	nutzten->nutzen->unten->neun->nun->un->u
6	bekannter->erkannte->erkannt->karten->karte->akte->akt
6	konnten->tonnen->noten,tonne->note->ton,not->to->t
6	stoppen->posten->osten->note->ton,not->to->t
6	gezahlt->zahlte->zahlt->halt->alt,tal->la->l
6	nordsee->sender->reden,deren->rede,erde->red,der->er->r
6	wirkten->winter->erwin->wien,wein->new,wen->en,ne->n
6	niemals->einsam->asien->sein,eins->ins->is->s
6	drittel->erlitt->titel,teilt->teil->tel->et->t
6	kredite,direkte->dieter->redet->rede,erde->red,der->er->r
6	kreisen->krisen->krise,kreis->reis->sir->is->s
6	kreises->kreise->krise,kreis->reis->sir->is->s
6	kriegen->keiner->reine,irene,einer->rein->nie,ein->in->n
6	krieges->kreise->krise,kreis->reis->sir->is->s
6	erfreut->erfurt->freut->ruft->ruf->fr->r
6	glauben->blauen->blaue->blau->bau->ba,ab->b
6	wundern->wunder,wurden->runde->rund->nur->un->u
6	seitdem->meiste->meist->seit->ist->is->s
6	wundert->wunder,wurden->runde->rund->nur->un->u
6	atelier->leiter->liter->teil->tel->et->t
6	risiken->krisen->krise,kreis->reis->sir->is->s
6	draußen->dauern->runde->rund->nur->un->u
6	bewahrt->abwehr->wahre->wehr->rwe,wer->er->r
6	greifen->feiern,ferien,freien,riefen,reifen->reine,irene,einer->rein->nie,ein->in->n
6	bewohnern->bewohner->erhoben->hebron->ohren->horn->ohr
6	gremien->meiner->reine,irene,einer->rein->nie,ein->in->n
6	termine->termin->meint->mein->nie,ein->in->n
6	anträge->garten,tragen->trage->tage->tag->ag->g
6	rettung->trugen->unter->treu->ute->eu->u
6	antonio->nation->anton->nato->ton,not->to->t
6	diverse->devise->diese->dies->sei,sie,eis->is->s
6	anteile->teilen,leiten->intel->teil->tel->et->t
6	ansicht->nachts->nacht->acht->ach->ca->c
6	zeitung->einzug->zunge->zeug,zuge->zug->zu->z
6	landete->landet->alten->alte->tel->et->t
6	zentrum->nutzer->unter->treu->ute->eu->u
6	verfolgen->erfolgen->erfolge->erfolg->folge->golf,flog->olg
6	annahme->nahmen->namen->mann->man->an,na->n
6	verfolgte->verfolgt->erfolgt->folgte->folgt->golf,flog->olg
6	gründen->grünen->grüne->gern->gen,eng->en,ne->n
6	gründer->gründe->grüne->gern->gen,eng->en,ne->n
6	starken->kasten->senat->nase->ans->sa->s
6	zeugnis->einzug->zunge->zeug,zuge->zug->zu->z
6	anlagen->langen->lange,nagel,lagen->lang->lag->la->l
6	etliche,leichte->leicht->hielt->teil->tel->et->t
6	brechen->rechne->ehren->heer,eher,ehre->her->er->r
6	stephan->phasen->sahen->hans->ans->sa->s
6	lehmann->nahmen->namen->mann->man->an,na->n
6	günther->günter->grüne->gern->gen,eng->en,ne->n
6	eingang->gingen->ginge->inge->nie,ein->in->n
6	leistet->teilte,leitet->titel,teilt->teil->tel->et->t
6	leitete->teilte,leitet->titel,teilt->teil->tel->et->t
6	zulegen->zeugen->zunge->zeug,zuge->zug->zu->z
6	strafen->stefan->sanft->fans->ans->sa->s
6	hanauer->haaren->heran->nahe->nah->an,na->n
6	liefern->feiern,ferien,freien,riefen,reifen->reine,irene,einer->rein->nie,ein->in->n
6	handeln->landen->lande,laden->land->and->an,na->n
6	zusagen->ganzes->sagen->sang->ans->sa->s
6	handels->landes->lande,laden->land->and->an,na->n
6	andreas->anders->rasen->nase->ans->sa->s
6	blieben,bleiben->lieben->leben,nebel->lebe,elbe->lee->le->l
6	spieler->preise->preis->reis->sir->is->s
6	vergleichen->verglichen->vergleich->gleicher->gleiche->gleich->chile
6	litauen->lauten->alten->alte->tel->et->t
6	anderes->sender->reden,deren->rede,erde->red,der->er->r
6	dienten->diente->dient->dein->nie,ein->in->n
6	minuten->minute->meint->mein->nie,ein->in->n
6	beweist->bewies,beweis->wiese,weise->wies->wie->ei->i
6	erlaubt->lauter->alter->alte->tel->et->t
6	stimmen->stimme->meist->seit->ist->is->s
6	schrieb->sicher,schier->ihres->reis->sir->is->s
6	mitteln->mitten->meint->mein->nie,ein->in->n
6	mittels->mittel->titel,teilt->teil->tel->et->t
6	sparten->sparen->rasen->nase->ans->sa->s
6	überaus->sauber->sauer->raus->usa,aus->us->u
6	fahrten->harten->athen->nahe->nah->an,na->n
6	hierfür->früher,führer->führe,frühe->früh->für->fr->r
6	rechnen->rechne->ehren->heer,eher,ehre->her->er->r
6	meister->reiste->reist->seit->ist->is->s
6	meisten->steine,seiten->einst,stein->seit->ist->is->s
6	meinten->meinte,mieten->meint->mein->nie,ein->in->n
6	rechner->herren->herrn->herr->her->er->r
6	unseres->unsere->neues->neue->neu->un->u
6	unserer->unsere->neues->neue->neu->un->u
6	derweil->wieder->wider->wird->wdr->dw->d
6	derzeit->dieter->redet->rede,erde->red,der->er->r
6	rechten,rechnet->echter,rechte->recht->echt->the->et->t
6	unseren->unsere->neues->neue->neu->un->u
6	deshalb->halbes->halbe->halb->hab->ba,ab->b
6	montage->montag->monat->nato->ton,not->to->t
6	montags->monats->monat->nato->ton,not->to->t
6	unserem->unsere->neues->neue->neu->un->u
6	spenden->senden->denen,enden->denn->den->en,ne->n
6	unruhen->unruhe->uhren,ruhen->ruhe->eur->eu->u
6	hermann->rahmen->armen->arme->arm->am->m
6	spiegel->spiele->spiel->ilse->sei,sie,eis->is->s
6	studien->dienst->einst,stein->seit->ist->is->s
6	mangelt->mantel->alten->alte->tel->et->t
6	mangels->langem,mangel->magen->name->man->an,na->n
6	siedler->dieser->reise,serie->reis->sir->is->s
6	mancher->rahmen->armen->arme->arm->am->m
6	manchen->nahmen->namen->mann->man->an,na->n
6	manchem->machen,manche->manch->nahm->man->an,na->n
6	fühlten->fühlte->fehlt->heft->the->et->t
6	bildern->bilden->blind->bild->bdi->di->i
6	mainzer->marine->armen->arme->arm->am->m
6	bildung->dublin->blind->bild->bdi->di->i
6	eigenes->eigens,siegen->seien,seine,eines,eisen->sein,eins->ins->is->s
6	machten->mahnte->athen->nahe->nah->an,na->n
6	aktiven->antike,aktien->kenia->knie,kein->nie,ein->in->n
6	alleine->allein->allen->alle->all->la->l
6	stillen->listen->einst,stein->seit->ist->is->s
6	zweiter->zweite->weite->weit->wie->ei->i
6	zweiten->zweite->weite->weit->wie->ei->i
6	amerika->kamera->marke->mark->arm->am->m
6	siemens->messen->essen->seen->see->es->s
6	dienste->steine,seiten->einst,stein->seit->ist->is->s
6	zuwenig->einzug->zunge->zeug,zuge->zug->zu->z
6	anderem->andere->reden,deren->rede,erde->red,der->er->r
6	arbeite->breite,bereit->breit,trieb->bier->bei->ei->i
7	halbzeit->bezahlt->zahlte->zahlt->halt->alt,tal->la->l
7	halbwegs->weshalb->halbes->halbe->halb->hab->ba,ab->b
7	darlehen->handele->helden->elend->ende->den->en,ne->n
7	ursachen->ursache->heraus->sauer->raus->usa,aus->us->u
7	einnahme->ehemann->nahmen->namen->mann->man->an,na->n
7	seminare->seminar->einsam->asien->sein,eins->ins->is->s
7	einklang->klingen->linken->linke,klein->knie,kein->nie,ein->in->n
7	einigung->neigung->gingen->ginge->inge->nie,ein->in->n
7	einigten->einigen->einige->einig->inge->nie,ein->in->n
7	renditen->interne->tieren->reine,irene,einer->rein->nie,ein->in->n
7	vorteile->viertel->leiter->liter->teil->tel->et->t
7	anstelle->stellen->selten->lesen->seen->see->es->s
7	betreibt->bittere->treibt,bitter->breit,trieb->bier->bei->ei->i
7	amerikas->kameras->kamera->marke->mark->arm->am->m
7	befindet->bedient->diente->dient->dein->nie,ein->in->n
7	eingehen->eigenen->eigene->eigen->inge->nie,ein->in->n
7	wesentlichen->wesentliche->wesentlich,westlichen->westliche->wechselt->wechsel,welches->welche->welch
7	eingeben->eigenen->eigene->eigen->inge->nie,ein->in->n
7	griechen->reichen->reihen->rhein,ihren->rein->nie,ein->in->n
7	betracht->brachte->brecht->recht->echt->the->et->t
7	betonten->betonte->betont->toten->tote->tot->to->t
7	beendete->beendet->endete->endet->ende->den->en,ne->n
7	gorleben->geboren->bergen->regen,gerne,enger->gern->gen,eng->en,ne->n
7	eindruck->drucken->kurden->runde->rund->nur->un->u
7	sicherte->seither->reiste->reist->seit->ist->is->s
7	riesigen,ereignis->riesige->sieger->reise,serie->reis->sir->is->s
7	einander->anderen->andern->rande->rand,dran->ard,dar,rad->ad,da->d
7	normalen->normale->romane->armen->arme->arm->am->m
7	normaler->normale->romane->armen->arme->arm->am->m
7	eigentum->gemeint->meinte,mieten->meint->mein->nie,ein->in->n
7	albrecht->brachte->brecht->recht->echt->the->et->t
7	gewinnen->wenigen,gewinne->gewinn->wenig->wien,wein->new,wen->en,ne->n
7	gewertet->wertete->wertet,wetter->werte->wert->rwe,wer->er->r
7	bedeuten->beendet->endete->endet->ende->den->en,ne->n
7	gewartet->wartete->wertet,wetter->werte->wert->rwe,wer->er->r
7	spielten->spielte->spielt->liest,teils,liste->stil->ist->is->s
7	besitzer->bereits->reiste->reist->seit->ist->is->s
7	besitzen->siebten->steine,seiten->einst,stein->seit->ist->is->s
7	verleiht->viertel->leiter->liter->teil->tel->et->t
7	verliebt->viertel->leiter->liter->teil->tel->et->t
7	gestimmt->stimmte->stimme->meist->seit->ist->is->s
7	verliert->viertel->leiter->liter->teil->tel->et->t
7	dietrich->dichter->reicht->recht->echt->the->et->t
7	tübinger->tribüne->briten->breit,trieb->bier->bei->ei->i
7	kassiert->streiks->streik->reist->seit->ist->is->s
7	momentan->monaten->monate->monat->nato->ton,not->to->t
7	ertragen->geraten->garten,tragen->trage->tage->tag->ag->g
7	erteilte->erteilt->erlitt->titel,teilt->teil->tel->et->t
7	gesamten->segment->gesten->segen->seen->see->es->s
7	zweitens->zweites->zweite->weite->weit->wie->ei->i
7	gerüchte->gerecht->echter,rechte->recht->echt->the->et->t
7	geringen->gegnern->gegner->regen,gerne,enger->gern->gen,eng->en,ne->n
7	gereicht,gerichte->gericht->reicht->recht->echt->the->et->t
7	jüngeren->jüngere->jünger,jürgen->grüne->gern->gen,eng->en,ne->n
7	verteilt->viertel->leiter->liter->teil->tel->et->t
7	ergänzen->grenzen->grenze->regen,gerne,enger->gern->gen,eng->en,ne->n
7	dresdner->dresden->sender->reden,deren->rede,erde->red,der->er->r
7	genießen->eigenen->eigene->eigen->inge->nie,ein->in->n
7	anliegen->anlegen->langen->lange,nagel,lagen->lang->lag->la->l
7	vertrieb->breiter->breite,bereit->breit,trieb->bier->bei->ei->i
7	erneuten->unteren->erneut,teuren->unter->treu->ute->eu->u
7	erneuert->erneute->erneut,teuren->unter->treu->ute->eu->u
7	jetzigen->zeigten->zeiten->netze->netz->net->et->t
7	erfinder->frieden->feiern,ferien,freien,riefen,reifen->reine,irene,einer->rein->nie,ein->in->n
7	berichte->reichte->reicht->recht->echt->the->et->t
7	jenseits->seitens->steine,seiten->einst,stein->seit->ist->is->s
7	anfragen->anfrage->fragen->frage->graf->arg,gar->ag->g
7	gebracht->brachte->brecht->recht->echt->the->et->t
7	verweist->verwies->erwies->wiese,weise->wies->wie->ei->i
7	adressen->senders->dessen->essen->seen->see->es->s
7	geborgen->geboren->bergen->regen,gerne,enger->gern->gen,eng->en,ne->n
7	brachten->brachte->brecht->recht->echt->the->et->t
7	gelitten->teilten->titeln->titel,teilt->teil->tel->et->t
7	erlebnis->serbien->seiner,reisen->reise,serie->reis->sir->is->s
7	gelernte->gelernt->gelten,legten->legte,gelte->legt->tel->et->t
7	gelangen->anlegen->langen->lange,nagel,lagen->lang->lag->la->l
7	gelandet->geltend->gelten,legten->legte,gelte->legt->tel->et->t
7	italiens->italien->anteil->intel->teil->tel->et->t
7	spiegelt,gespielt->spielte->spielt->liest,teils,liste->stil->ist->is->s
7	geborene->geboren->bergen->regen,gerne,enger->gern->gen,eng->en,ne->n
7	beratung->agentur->trugen->unter->treu->ute->eu->u
7	erinnern->inneren->innern->innen->nein->nie,ein->in->n
7	diversen->vereins->verein->viren->rein->nie,ein->in->n
7	geheimen->eigenem->gemein->meine,einem->mein->nie,ein->in->n
7	schieben,scheiben->schiene->schnee->sehen->seen->see->es->s
7	schienen,scheinen,chinesen->schiene->schnee->sehen->seen->see->es->s
7	internen->interne->tieren->reine,irene,einer->rein->nie,ein->in->n
7	geglaubt->glaubte->gebaut->baute->baut->bau->ba,ab->b
7	spielern->preisen->preise->preis->reis->sir->is->s
7	dirigent->niedrig->irgend->dinge->inge->nie,ein->in->n
7	direkten->rendite->tieren->reine,irene,einer->rein->nie,ein->in->n
7	gebildet->bildete->leidet->teile,elite->teil->tel->et->t
7	massaker->kameras->kamera->marke->mark->arm->am->m
7	winzigen->zwingen->gewinn->wenig->wien,wein->new,wen->en,ne->n
7	erwischt->sichert->rechts->recht->echt->the->et->t
7	garantie->eintrag->garten,tragen->trage->tage->tag->ag->g
7	aktionen->antiken->antike,aktien->kenia->knie,kein->nie,ein->in->n
7	warteten->wartete->wertet,wetter->werte->wert->rwe,wer->er->r
7	dichters->sichert->rechts->recht->echt->the->et->t
7	fürchtet->früchte->führte->führt->früh->für->fr->r
7	aktionären->aktionäre->kroatien,reaktion->kroaten->karten->karte->akte->akt
7	fürchten->führten->führte->führt->früh->für->fr->r
7	zwingend->zwingen->gewinn->wenig->wien,wein->new,wen->en,ne->n
7	beklagte->beklagt->klagte->klagt->kalt->alt,tal->la->l
7	beklagen->belange->gelben->legen,engel->gene,enge->gen,eng->en,ne->n
7	längerem->längere->regeln->regen,gerne,enger->gern->gen,eng->en,ne->n
7	schwaben->wachsen->sachen->sahen->hans->ans->sa->s
7	ergebnis->serbien->seiner,reisen->reise,serie->reis->sir->is->s
7	entführt->führten->führte->führt->früh->für->fr->r
7	früherer->frühere->früher,führer->führe,frühe->früh->für->fr->r
7	stellten->stellen->selten->lesen->seen->see->es->s
7	anzeigen->anzeige->zeigen->eigen->inge->nie,ein->in->n
7	frischen->sichern->sicher,schier->ihres->reis->sir->is->s
7	schwerin->sichern->sicher,schier->ihres->reis->sir->is->s
7	friedens->frieden->feiern,ferien,freien,riefen,reifen->reine,irene,einer->rein->nie,ein->in->n
7	rebellen->erleben->leeren->leere->leer->lee->le->l
7	freunden,erfunden->freunde->freuen->rufen->ufer->ruf->fr->r
7	freitags->freitag->fragte->fragt->graf->arg,gar->ag->g
7	liebsten->leisten->listen->einst,stein->seit->ist->is->s
7	bildeten->bedient->diente->dient->dein->nie,ein->in->n
7	energien->eigener,energie->eigene->eigen->inge->nie,ein->in->n
7	endspiel->spielen->spiele->spiel->ilse->sei,sie,eis->is->s
7	anwender->wandern->warnen->waren->ware->rwe,wer->er->r
7	angenehm->ehemann->nahmen->namen->mann->man->an,na->n
7	amtliche->michael->michel->milch->mich->ihm->im,mi->m
7	stimmten->stimmte->stimme->meist->seit->ist->is->s
7	schmalen->manches->sachen->sahen->hans->ans->sa->s
7	leichter->erhielt->hitler->liter->teil->tel->et->t
7	angelika->anklage->klagen->klang->lang->lag->la->l
7	weiteren->weitere->weiter->werte->wert->rwe,wer->er->r
7	lehrerin->lehrern->herren->herrn->herr->her->er->r
7	heiraten->teheran->harten->athen->nahe->nah->an,na->n
7	weiteres->erweist->weiter->werte->wert->rwe,wer->er->r
7	lebendig->belgien->liegen->legen,engel->gene,enge->gen,eng->en,ne->n
7	einziges->einzige->einzig->einig->inge->nie,ein->in->n
7	einziger->einzige->einzig->einig->inge->nie,ein->in->n
7	merkmale->merkmal->kammer->marke->mark->arm->am->m
7	meistens->seitens->steine,seiten->einst,stein->seit->ist->is->s
7	einzigen->einzige->einzig->einig->inge->nie,ein->in->n
7	angelegt->gelangt->galten->alten->alte->tel->et->t
7	begraben->ergaben->bergen->regen,gerne,enger->gern->gen,eng->en,ne->n
7	strengen->gestern,strenge->gesten->segen->seen->see->es->s
7	nachweis->wachsen->sachen->sahen->hans->ans->sa->s
7	bewertet->wertete->wertet,wetter->werte->wert->rwe,wer->er->r
7	beweisen,bewiesen->beweise->bewies,beweis->wiese,weise->wies->wie->ei->i
8	eintreten->internet->interne->tieren->reine,irene,einer->rein->nie,ein->in->n
8	bezeichneten->bezeichnete->bezeichnet->zeichnete->zeichnet->zeichen->ziehen->heinz->zehn
8	selektion->kleinste->leisten->listen->einst,stein->seit->ist->is->s
8	bakterien->anbieter,arbeiten->treiben,breiten->tieren->reine,irene,einer->rein->nie,ein->in->n
8	etabliert->arbeitet->bittere->treibt,bitter->breit,trieb->bier->bei->ei->i
8	erzwingen->gewinner->weniger->wiener->erwin->wien,wein->new,wen->en,ne->n
8	führender->früheren->frühere->früher,führer->führe,frühe->früh->für->fr->r
8	erzielten->erzielte->erzielt->leiter->liter->teil->tel->et->t
8	schriften->christen->sichert->rechts->recht->echt->the->et->t
8	unbekannten->unbekannte->bekannten->bekannte->bekannt->kannte->akten->akte->akt
8	schreiber->sicherer->sichere->sicher,schier->ihres->reis->sir->is->s
8	schneider->erschien,sicheren->sichern->sicher,schier->ihres->reis->sir->is->s
8	erweitern->weiterer->weitere->weiter->werte->wert->rwe,wer->er->r
8	schließen->schießen->schiene->schnee->sehen->seen->see->es->s
8	errichtet->richtete->richtet->reicht->recht->echt->the->et->t
8	schildert->christel->hitlers->hitler->liter->teil->tel->et->t
8	gegenwart->getragen,angeregt->geraten->garten,tragen->trage->tage->tag->ag->g
8	erreichte->erreicht->richter->reicht->recht->echt->the->et->t
8	gehandelt->handelte->handelt->halten->alten->alte->tel->et->t
8	geheimnis->hiesigen->einiges->eigens,siegen->seien,seine,eines,eisen->sein,eins->ins->is->s
8	geistigen->einstieg,einstige->steigen,stiegen->steine,seiten->einst,stein->seit->ist->is->s
8	abenteuer->betreuen->erneute->erneut,teuren->unter->treu->ute->eu->u
8	geleistet->geleitet->geteilt->teilte,leitet->titel,teilt->teil->tel->et->t
8	geliefert->lieferte->liefert->leiter->liter->teil->tel->et->t
8	geltenden->geltende->geltend->gelten,legten->legte,gelte->legt->tel->et->t
8	gemeinden->gemeinde->eigenem->gemein->meine,einem->mein->nie,ein->in->n
8	vergebens->vergeben->ergeben->bergen->regen,gerne,enger->gern->gen,eng->en,ne->n
8	wichtiger->richtige->gericht->reicht->recht->echt->the->et->t
8	übersicht->schreibt->sichert->rechts->recht->echt->the->et->t
8	bedrohten->bedrohte->bedroht->drohte->droht->roth->ort,rot,tor->to->t
8	verdiente->verdient->vereint,vierten->verein->viren->rein->nie,ein->in->n
8	verdienen->vereinen->vereine->verein->viren->rein->nie,ein->in->n
8	maschinen->maschine->manches->sachen->sahen->hans->ans->sa->s
8	verbindet->verdient->vereint,vierten->verein->viren->rein->nie,ein->in->n
8	befragten->betragen->geraten->garten,tragen->trage->tage->tag->ag->g
8	lieferten->lieferte->liefert->leiter->liter->teil->tel->et->t
8	verbergen->vergeben->ergeben->bergen->regen,gerne,enger->gern->gen,eng->en,ne->n
8	betreiber->betriebe->betrieb->breite,bereit->breit,trieb->bier->bei->ei->i
8	nachteile->teilchen,leichten->hielten->teilen,leiten->intel->teil->tel->et->t
8	erinnerte->erinnert->interne->tieren->reine,irene,einer->rein->nie,ein->in->n
8	gesichter,gesichert->gerichts->sichert->rechts->recht->echt->the->et->t
8	erhaltung->unterlag->agentur->trugen->unter->treu->ute->eu->u
8	ergreifen->regieren->eigener,energie->eigene->eigen->inge->nie,ein->in->n
8	abteilung->glaubten->glaubte->gebaut->baute->baut->bau->ba,ab->b
8	untersagt->erstaunt->starten->traten,ratten->taten,tante->nett->net->et->t
8	niedrigen->niedrige->einiger->einige->einig->inge->nie,ein->in->n
8	brauchten->brauchte->brachte->brecht->recht->echt->the->et->t
8	täglichen->tägliche->gleicht->leicht->hielt->teil->tel->et->t
8	anbietern->anbieter,arbeiten->treiben,breiten->tieren->reine,irene,einer->rein->nie,ein->in->n
8	kleinsten->insekten->steinen->tennis->einst,stein->seit->ist->is->s
8	getrieben->gerieten->eigener,energie->eigene->eigen->inge->nie,ein->in->n
8	ereignete->gerieten->eigener,energie->eigene->eigen->inge->nie,ein->in->n
8	begleiter->geliebte->belegte->gelebt,belegt->legte,gelte->legt->tel->et->t
8	kleineren->kleinere->kleiner->keiner->reine,irene,einer->rein->nie,ein->in->n
8	keinerlei->kleinere->kleiner->keiner->reine,irene,einer->rein->nie,ein->in->n
8	berichten->reichten->richten->hinter->rhein,ihren->rein->nie,ein->in->n
8	dienstags->dienstag->anstieg->sagten->angst->sagt,gast->tag->ag->g
8	irgendwie->niedrige->einiger->einige->einig->inge->nie,ein->in->n
8	techniker->reichten->richten->hinter->rhein,ihren->rein->nie,ein->in->n
8	tatsachen->schatten->taschen->nachts->nacht->acht->ach->ca->c
8	belastung->glaubten->glaubte->gebaut->baute->baut->bau->ba,ab->b
8	beitragen->anbieter,arbeiten->treiben,breiten->tieren->reine,irene,einer->rein->nie,ein->in->n
8	richtigen->richtige->gericht->reicht->recht->echt->the->et->t
8	einnahmen->annehmen->ehemann->nahmen->namen->mann->man->an,na->n
8	einseitig->einstieg,einstige->steigen,stiegen->steine,seiten->einst,stein->seit->ist->is->s
8	einspruch->unsicher->sichern->sicher,schier->ihres->reis->sir->is->s
8	behandelt->handelte->handelt->halten->alten->alte->tel->et->t
8	begleitet->geleitet->geteilt->teilte,leitet->titel,teilt->teil->tel->et->t
8	reagieren->regieren->eigener,energie->eigene->eigen->inge->nie,ein->in->n
8	begreifen->befreien->briefen->feiern,ferien,freien,riefen,reifen->reine,irene,einer->rein->nie,ein->in->n
8	argumente->argument->agentur->trugen->unter->treu->ute->eu->u
8	regierung->geringer->geringe->gering->ginge->inge->nie,ein->in->n
8	enthalten->athleten->talente->talent->taten,tante->nett->net->et->t
8	regulären->längerer->längere->regeln->regen,gerne,enger->gern->gen,eng->en,ne->n
8	reichstag->gerichts->sichert->rechts->recht->echt->the->et->t
9	streichung->sicherung->unsicher->sichern->sicher,schier->ihres->reis->sir->is->s
9	irakischen->iranische->irischen->sichern->sicher,schier->ihres->reis->sir->is->s
9	berechtigt->gerichtet->richtete->richtet->reicht->recht->echt->the->et->t
9	derartigen->derartige->reagiert->gitarre->ertrag->trage->tage->tag->ag->g
9	bearbeitet->arbeitete->bereitet->bittere->treibt,bitter->breit,trieb->bier->bei->ei->i
9	christiane->christine->christen->sichert->rechts->recht->echt->the->et->t
9	serbischen->schreiben->erschien,sicheren->sichern->sicher,schier->ihres->reis->sir->is->s
9	umgebracht->gebraucht->brauchte->brachte->brecht->recht->echt->the->et->t
9	britischer->britische->schreibt->sichert->rechts->recht->echt->the->et->t
9	britischen->christine->christen->sichert->rechts->recht->echt->the->et->t
9	kritischen->christine->christen->sichert->rechts->recht->echt->the->et->t
9	vermittler->ermittler->mittlere->erteilt->erlitt->titel,teilt->teil->tel->et->t
9	einbrecher->bereichen->bereiche->bereich->reiche->reihe->ihre,hier->her->er->r
9	vermittelt->ermittelt->mittlere->erteilt->erlitt->titel,teilt->teil->tel->et->t
9	vermitteln->mittleren,ermitteln->erlitten->erteilt->erlitt->titel,teilt->teil->tel->et->t
9	namentlich->amtlichen->nachteil->inhalte->anteil->intel->teil->tel->et->t
9	verlangten->verlangen->anlegern->general,anleger->regeln->regen,gerne,enger->gern->gen,eng->en,ne->n
9	eingeführt->geführten->geführte->geführt->führte->führt->früh->für->fr->r
9	legendären->engländer->längeren->längere->regeln->regen,gerne,enger->gern->gen,eng->en,ne->n
9	verbrachte->verbracht->erbracht->brachte->brecht->recht->echt->the->et->t
9	eingeplant->geplanten->geplante->geplant->galten->alten->alte->tel->et->t
9	verbraucht->verbracht->erbracht->brachte->brecht->recht->echt->the->et->t
9	verdienste->verdienst->verdient->vereint,vierten->verein->viren->rein->nie,ein->in->n
9	vereinbart->arbeitern->arbeiter->breiter->breite,bereit->breit,trieb->bier->bei->ei->i
9	bestimmter->bestimmte->bestimmt->stimmte->stimme->meist->seit->ist->is->s
9	bestimmten->bestimmte->bestimmt->stimmte->stimme->meist->seit->ist->is->s
9	verhandelt->verhalten->erhalten->teheran->harten->athen->nahe->nah->an,na->n
9	einsteigen->einstigen->einstieg,einstige->steigen,stiegen->steine,seiten->einst,stein->seit->ist->is->s
9	erwarteten->erwartete->erwartet->wartete->wertet,wetter->werte->wert->rwe,wer->er->r
9	iranischen->iranische->irischen->sichern->sicher,schier->ihres->reis->sir->is->s
9	erarbeitet->arbeitete->bereitet->bittere->treibt,bitter->breit,trieb->bier->bei->ei->i
9	reagierten->reagierte->reagiert->gitarre->ertrag->trage->tage->tag->ag->g
9	strategien->strategie->steigert->geister->reiste->reist->seit->ist->is->s
9	erarbeiten->arbeitern->arbeiter->breiter->breite,bereit->breit,trieb->bier->bei->ei->i
9	bearbeiten->betreiben,betrieben->bereiten->treiben,breiten->tieren->reine,irene,einer->rein->nie,ein->in->n
9	regionalen->regionale->algerien->general,anleger->regeln->regen,gerne,enger->gern->gen,eng->en,ne->n
9	begeistert->steigerte->steigert->geister->reiste->reist->seit->ist->is->s
9	englischer->energisch->erschien,sicheren->sichern->sicher,schier->ihres->reis->sir->is->s
9	entspricht->schritten->schritte->richtet->reicht->recht->echt->the->et->t
9	gearbeitet->arbeitete->bereitet->bittere->treibt,bitter->breit,trieb->bier->bei->ei->i
9	restlichen->streichen,scheitern,erscheint->christen->sichert->rechts->recht->echt->the->et->t
9	steigerung->gestrigen->steigern->gestern,strenge->gesten->segen->seen->see->es->s
9	gesteigert->steigerte->steigert->geister->reiste->reist->seit->ist->is->s
9	gestrichen->streichen,scheitern,erscheint->christen->sichert->rechts->recht->echt->the->et->t
10	engagierten,eingetragen->engagierte->engagiert->getragen,angeregt->geraten->garten,tragen->trage->tage->tag->ag->g
10	beteiligten->beteiligen->begleiten,geliebten->geliebte->belegte->gelebt,belegt->legte,gelte->legt->tel->et->t
10	vorbereitet->verbreitet->verbietet->bereitet->bittere->treibt,bitter->breit,trieb->bier->bei->ei->i
10	vorbereiten->vertrieben,vertreiben,verbreiten->verbieten->bereiten->treiben,breiten->tieren->reine,irene,einer->rein->nie,ein->in->n
10	beigetragen->engagierte->engagiert->getragen,angeregt->geraten->garten,tragen->trage->tage->tag->ag->g
10	berichteten->berichtete->berichtet->richtete->richtet->reicht->recht->echt->the->et->t
10	regierungen->geringeren->geringere->geringer->geringe->gering->ginge->inge->nie,ein->in->n
10	verarbeitet->verbreitet->verbietet->bereitet->bittere->treibt,bitter->breit,trieb->bier->bei->ei->i
10	gescheitert->scheiterte->scheitert->schritte->richtet->reicht->recht->echt->the->et->t
10	erweiterten->erweiterte->erweitert->weiterer->weitere->weiter->werte->wert->rwe,wer->er->r
10	etablierten->arbeiteten->arbeitete->bereitet->bittere->treibt,bitter->breit,trieb->bier->bei->ei->i
10	niedrigeren->niedrigere->niedriger->niedrige->einiger->einige->einig->inge->nie,ein->in->n
10	erleichtern->erreichten->errichten->erreicht->richter->reicht->recht->echt->the->et->t
11	vereinbarten->verarbeiten,vereinbarte->vertrieben,vertreiben,verbreiten->verbieten->bereiten->treiben,breiten->tieren->reine,irene,einer->rein->nie,ein->in->n
11	verbreiteten->verbreitete->verbreitet->verbietet->bereitet->bittere->treibt,bitter->breit,trieb->bier->bei->ei->i
